station_id,region_id,name,lon,lat,index_right,BoroCode,BoroName,Shape_Leng,Shape_Area
"72","71",W 52 St & 11 Ave,-73.99392888,40.76727216,"3","1",Manhattan,359299.096471,636471539.774
"79","71",Franklin St & W Broadway,-74.00666661,40.71911552,"3","1",Manhattan,359299.096471,636471539.774
"82","71",St James Pl & Pearl St,-74.00016545,40.71117416,"3","1",Manhattan,359299.096471,636471539.774
"116","71",W 17 St & 8 Ave,-74.00149746,40.74177603,"3","1",Manhattan,359299.096471,636471539.774
"127","71",Barrow St & Hudson St,-74.00674436,40.73172428,"3","1",Manhattan,359299.096471,636471539.774
"128","71",MacDougal St & Prince St,-74.00297088,40.72710258,"3","1",Manhattan,359299.096471,636471539.774
"146","71",Hudson St & Reade St,-74.0091059,40.71625008,"3","1",Manhattan,359299.096471,636471539.774
"150","71",E 2 St & Avenue C,-73.98085795,40.7208736,"3","1",Manhattan,359299.096471,636471539.774
"151","71",Cleveland Pl & Spring St,-73.997249007225,40.722103786686,"3","1",Manhattan,359299.096471,636471539.774
"152","71",Warren St & W Broadway,-74.00910627,40.71473993,"3","1",Manhattan,359299.096471,636471539.774
"153","71",E 40 St & 5 Ave,-73.9816324043,40.752062307,"3","1",Manhattan,359299.096471,636471539.774
"161","71",LaGuardia Pl & W 3 St,-73.99810231,40.72917025,"3","1",Manhattan,359299.096471,636471539.774
"164","71",E 47 St & 2 Ave,-73.97032517,40.75323098,"3","1",Manhattan,359299.096471,636471539.774
"168","71",W 18 St & 6 Ave,-73.99456405,40.73971301,"3","1",Manhattan,359299.096471,636471539.774
"174","71",E 25 St & 1 Ave,-73.97738662,40.7381765,"3","1",Manhattan,359299.096471,636471539.774
"212","71",W 16 St & The High Line,-74.00681753,40.74334935,"3","1",Manhattan,359299.096471,636471539.774
"223","71",W 13 St & 7 Ave,-73.99994661,40.73781509,"3","1",Manhattan,359299.096471,636471539.774
"224","71",Spruce St & Nassau St,-74.00552427,40.71146364,"3","1",Manhattan,359299.096471,636471539.774
"228","71",E 48 St & 3 Ave,-73.971878855,40.7546011026,"3","1",Manhattan,359299.096471,636471539.774
"229","71",Great Jones St,-73.99379025,40.72743423,"3","1",Manhattan,359299.096471,636471539.774
"236","71",St Marks Pl & 2 Ave,-73.98713956,40.7284186,"3","1",Manhattan,359299.096471,636471539.774
"238","71",Bank St & Washington St,-74.00859207,40.7361967,"3","1",Manhattan,359299.096471,636471539.774
"247","71",Perry St & Bleecker St,-74.00483091,40.73535398,"3","1",Manhattan,359299.096471,636471539.774
"248","71",Laight St & Hudson St,-74.00771779,40.72185379,"3","1",Manhattan,359299.096471,636471539.774
"249","71",Harrison St & Hudson St,-74.0090009,40.71870987,"3","1",Manhattan,359299.096471,636471539.774
"250","71",Lafayette St & Jersey St,-73.99565293,40.72456089,"3","1",Manhattan,359299.096471,636471539.774
"251","71",Mott St & Prince St,-73.99480012,40.72317958,"3","1",Manhattan,359299.096471,636471539.774
"252","71",MacDougal St & Washington Sq,-73.99852205,40.73226398,"3","1",Manhattan,359299.096471,636471539.774
"254","71",W 11 St & 6 Ave,-73.99800419,40.73532427,"3","1",Manhattan,359299.096471,636471539.774
"257","71",Lispenard St & Broadway,-74.00247214,40.71939226,"3","1",Manhattan,359299.096471,636471539.774
"259","71",South St & Whitehall St,-74.01234218,40.70122128,"3","1",Manhattan,359299.096471,636471539.774
"260","71",Broad St & Bridge St,-74.01167797,40.70365182,"3","1",Manhattan,359299.096471,636471539.774
"264","71",Maiden Ln & Pearl St,-74.00731853,40.70706456,"3","1",Manhattan,359299.096471,636471539.774
"265","71",Stanton St & Chrystie St,-73.99147535,40.72229346,"3","1",Manhattan,359299.096471,636471539.774
"266","71",Ave D & E 8 St,-73.97574813,40.72368361,"3","1",Manhattan,359299.096471,636471539.774
"267","71",Broadway & W 36 St,-73.98765428,40.75097711,"3","1",Manhattan,359299.096471,636471539.774
"268","71",Howard St & Lafayette St,-73.99973337,40.71910537,"3","1",Manhattan,359299.096471,636471539.774
"281","71",Grand Army Plaza & Central Park S,-73.97371465,40.7643971,"3","1",Manhattan,359299.096471,636471539.774
"284","71",Greenwich Ave & 8 Ave,-74.0026376103,40.7390169121,"3","1",Manhattan,359299.096471,636471539.774
"285","71",Broadway & E 14 St,-73.99074142,40.73454567,"3","1",Manhattan,359299.096471,636471539.774
"291","71",Madison St & Montgomery St,-73.984844,40.713126,"3","1",Manhattan,359299.096471,636471539.774
"293","71",Lafayette St & E 8 St,-73.9910262823105,40.7302066052995,"3","1",Manhattan,359299.096471,636471539.774
"294","71",Washington Square E,-73.9957214,40.73049393,"3","1",Manhattan,359299.096471,636471539.774
"295","71",Pike St & E Broadway,-73.99293911,40.71406667,"3","1",Manhattan,359299.096471,636471539.774
"297","71",E 15 St & 3 Ave,-73.986923,40.734232,"3","1",Manhattan,359299.096471,636471539.774
"301","71",E 2 St & Avenue B,-73.98368779,40.72217444,"3","1",Manhattan,359299.096471,636471539.774
"302","71",Avenue D & E 3 St,-73.97793172,40.72082834,"3","1",Manhattan,359299.096471,636471539.774
"303","71",Mercer St & Spring St,-73.99949601,40.72362738,"3","1",Manhattan,359299.096471,636471539.774
"304","71",Broadway & Battery Pl,-74.01361706,40.70463334,"3","1",Manhattan,359299.096471,636471539.774
"305","71",E 58 St & 3 Ave,-73.96724467,40.76095756,"3","1",Manhattan,359299.096471,636471539.774
"307","71",Canal St & Rutgers St,-73.98990025,40.71427487,"3","1",Manhattan,359299.096471,636471539.774
"308","71",St James Pl & Oliver St,-73.99851193,40.71307916,"3","1",Manhattan,359299.096471,636471539.774
"309","71",Murray St & West St,-74.013012,40.7149787,"3","1",Manhattan,359299.096471,636471539.774
"311","71",Norfolk St & Broome St,-73.98802084,40.7172274,"3","1",Manhattan,359299.096471,636471539.774
"312","71",Allen St & Stanton St,-73.989111,40.722055,"3","1",Manhattan,359299.096471,636471539.774
"315","71",South St & Gouverneur Ln,-74.00670227,40.70355377,"3","1",Manhattan,359299.096471,636471539.774
"316","71",Fulton St & William St,-74.0065509080887,40.7096008936354,"3","1",Manhattan,359299.096471,636471539.774
"317","71",E 6 St & Avenue B,-73.98185424,40.72453734,"3","1",Manhattan,359299.096471,636471539.774
"319","71",Fulton St & Broadway,-74.009447,40.711066,"3","1",Manhattan,359299.096471,636471539.774
"320","71",Leonard St & Church St,-74.005549,40.717571,"3","1",Manhattan,359299.096471,636471539.774
"325","71",E 19 St & 3 Ave,-73.98473765,40.73624527,"3","1",Manhattan,359299.096471,636471539.774
"326","71",E 11 St & 1 Ave,-73.98426726,40.72953837,"3","1",Manhattan,359299.096471,636471539.774
"327","71",Vesey Pl & River Terrace,-74.01658354,40.7153379,"3","1",Manhattan,359299.096471,636471539.774
"328","71",Watts St & Greenwich St,-74.00965965,40.72405549,"3","1",Manhattan,359299.096471,636471539.774
"330","71",Reade St & Broadway,-74.00562789,40.71450451,"3","1",Manhattan,359299.096471,636471539.774
"331","71",Pike St & Monroe St,-73.99193043,40.71173107,"3","1",Manhattan,359299.096471,636471539.774
"332","71",Cherry St,-73.97948148,40.71219906,"3","1",Manhattan,359299.096471,636471539.774
"334","71",W 20 St & 7 Ave,-73.99726235,40.74238787,"3","1",Manhattan,359299.096471,636471539.774
"335","71",Washington Pl & Broadway,-73.99404649,40.72903917,"3","1",Manhattan,359299.096471,636471539.774
"336","71",Sullivan St & Washington Sq,-73.99906065,40.73047747,"3","1",Manhattan,359299.096471,636471539.774
"339","71",Avenue D & E 12 St,-73.97422494,40.72580614,"3","1",Manhattan,359299.096471,636471539.774
"340","71",Madison St & Clinton St,-73.98776323,40.71269042,"3","1",Manhattan,359299.096471,636471539.774
"341","71",Stanton St & Mangin St,-73.97628939,40.71782143,"3","1",Manhattan,359299.096471,636471539.774
"342","71",Columbia St & Rivington St,-73.98016555,40.71739973,"3","1",Manhattan,359299.096471,636471539.774
"346","71",Bank St & Hudson St,-74.00618026,40.73652889,"3","1",Manhattan,359299.096471,636471539.774
"347","71",Greenwich St & W Houston St,-74.008591,40.728846,"3","1",Manhattan,359299.096471,636471539.774
"349","71",Rivington St & Ridge St,-73.98329859,40.71850211,"3","1",Manhattan,359299.096471,636471539.774
"350","71",Clinton St & Grand St,-73.9870295,40.71559509,"3","1",Manhattan,359299.096471,636471539.774
"352","71",W 56 St & 6 Ave,-73.97722479,40.76340613,"3","1",Manhattan,359299.096471,636471539.774
"355","71",Bayard St & Baxter St,-73.99974372,40.71602118,"3","1",Manhattan,359299.096471,636471539.774
"356","71",Bialystoker Pl & Delancey St,-73.98261206,40.71622644,"3","1",Manhattan,359299.096471,636471539.774
"358","71",Christopher St & Greenwich St,-74.00711384,40.73291553,"3","1",Manhattan,359299.096471,636471539.774
"359","71",E 47 St & Park Ave,-73.97498696,40.75510267,"3","1",Manhattan,359299.096471,636471539.774
"360","71",William St & Pine St,-74.00887308,40.70717936,"3","1",Manhattan,359299.096471,636471539.774
"361","71",Allen St & Hester St,-73.99190759,40.71605866,"3","1",Manhattan,359299.096471,636471539.774
"362","71",Broadway & W 37 St,-73.98753523,40.75172632,"3","1",Manhattan,359299.096471,636471539.774
"363","71",West Thames St,-74.01713445,40.70834698,"3","1",Manhattan,359299.096471,636471539.774
"367","71",E 53 St & Lexington Ave,-73.97069431,40.75828065,"3","1",Manhattan,359299.096471,636471539.774
"368","71",Carmine St & 6 Ave,-74.00214988,40.73038599,"3","1",Manhattan,359299.096471,636471539.774
"369","71",Washington Pl & 6 Ave,-74.00026394,40.73224119,"3","1",Manhattan,359299.096471,636471539.774
"376","71",John St & William St,-74.00722156,40.70862144,"3","1",Manhattan,359299.096471,636471539.774
"377","71",6 Ave & Canal St,-74.00566443,40.72243797,"3","1",Manhattan,359299.096471,636471539.774
"379","71",W 31 St & 7 Ave,-73.9916,40.749156,"3","1",Manhattan,359299.096471,636471539.774
"380","71",W 4 St & 7 Ave S,-74.00293877,40.73401143,"3","1",Manhattan,359299.096471,636471539.774
"383","71",Greenwich Ave & Charles St,-74.000271,40.735238,"3","1",Manhattan,359299.096471,636471539.774
"385","71",E 55 St & 2 Ave,-73.96603308,40.75797322,"3","1",Manhattan,359299.096471,636471539.774
"386","71",Centre St & Worth St,-74.00234482,40.71494807,"3","1",Manhattan,359299.096471,636471539.774
"387","71",Centre St & Chambers St,-74.0046073,40.71273266,"3","1",Manhattan,359299.096471,636471539.774
"388","71",W 26 St & 10 Ave,-74.002950346,40.749717753,"3","1",Manhattan,359299.096471,636471539.774
"393","71",E 5 St & Avenue C,-73.97995466,40.72299208,"3","1",Manhattan,359299.096471,636471539.774
"394","71",E 9 St & Avenue C,-73.97768752,40.72521311,"3","1",Manhattan,359299.096471,636471539.774
"400","71",Pitt St & Stanton St,-73.98178024,40.71926081,"3","1",Manhattan,359299.096471,636471539.774
"401","71",Allen St & Rivington St,-73.98997825,40.72019576,"3","1",Manhattan,359299.096471,636471539.774
"403","71",E 2 St & 2 Ave,-73.99069656,40.72502876,"3","1",Manhattan,359299.096471,636471539.774
"405","71",Washington St & Gansevoort St,-74.008119,40.739323,"3","1",Manhattan,359299.096471,636471539.774
"408","71",Market St & Cherry St,-73.99400398,40.71076228,"3","1",Manhattan,359299.096471,636471539.774
"410","71",Suffolk St & Stanton St,-73.98517977,40.72066442,"3","1",Manhattan,359299.096471,636471539.774
"411","71",E 6 St & Avenue D,-73.97668709,40.72228087,"3","1",Manhattan,359299.096471,636471539.774
"412","71",Forsyth St & Canal St,-73.99422366,40.7158155,"3","1",Manhattan,359299.096471,636471539.774
"415","71",Pearl St & Hanover Square,-74.00926027,40.7047177,"3","1",Manhattan,359299.096471,636471539.774
"417","71",Barclay St & Church St,-74.01020234,40.71291224,"3","1",Manhattan,359299.096471,636471539.774
"422","71",W 59 St & 10 Ave,-73.988038,40.770513,"3","1",Manhattan,359299.096471,636471539.774
"423","71",W 54 St & 9 Ave,-73.98690506,40.76584941,"3","1",Manhattan,359299.096471,636471539.774
"426","71",West St & Chambers St,-74.01322069,40.71754834,"3","1",Manhattan,359299.096471,636471539.774
"427","71",Bus Slip & State St,-74.013942,40.701907,"3","1",Manhattan,359299.096471,636471539.774
"428","71",E 3 St & 1 Ave,-73.98783413,40.72467721,"3","1",Manhattan,359299.096471,636471539.774
"432","71",E 7 St & Avenue A,-73.98379855,40.72621788,"3","1",Manhattan,359299.096471,636471539.774
"434","71",9 Ave & W 18 St,-74.00366443,40.74317449,"3","1",Manhattan,359299.096471,636471539.774
"435","71",W 21 St & 6 Ave,-73.99415556,40.74173969,"3","1",Manhattan,359299.096471,636471539.774
"438","71",St Marks Pl & 1 Ave,-73.98564945,40.72779126,"3","1",Manhattan,359299.096471,636471539.774
"439","71",E 4 St & 2 Ave,-73.98978041,40.7262807,"3","1",Manhattan,359299.096471,636471539.774
"440","71",E 45 St & 3 Ave,-73.97282625,40.75255434,"3","1",Manhattan,359299.096471,636471539.774
"442","71",W 27 St & 7 Ave,-73.993915,40.746647,"3","1",Manhattan,359299.096471,636471539.774
"445","71",E 10 St & Avenue A,-73.98142006,40.72740794,"3","1",Manhattan,359299.096471,636471539.774
"446","71",W 24 St & 7 Ave,-73.99529885,40.74487634,"3","1",Manhattan,359299.096471,636471539.774
"447","71",8 Ave & W 52 St,-73.9851615,40.76370739,"3","1",Manhattan,359299.096471,636471539.774
"448","71",W 37 St & 10 Ave,-73.9979009,40.75660359,"3","1",Manhattan,359299.096471,636471539.774
"450","71",W 49 St & 8 Ave,-73.98788205,40.76227205,"3","1",Manhattan,359299.096471,636471539.774
"453","71",W 22 St & 8 Ave,-73.99915362,40.74475148,"3","1",Manhattan,359299.096471,636471539.774
"454","71",E 51 St & 1 Ave,-73.96592976,40.75455731,"3","1",Manhattan,359299.096471,636471539.774
"455","71",1 Ave & E 44 St,-73.96905301,40.75001986,"3","1",Manhattan,359299.096471,636471539.774
"456","71",E 53 St & Madison Ave,-73.97402311,40.7597108,"3","1",Manhattan,359299.096471,636471539.774
"457","71",Broadway & W 58 St,-73.98169333,40.76695317,"3","1",Manhattan,359299.096471,636471539.774
"458","71",11 Ave & W 27 St,-74.005226,40.751396,"3","1",Manhattan,359299.096471,636471539.774
"461","71",E 20 St & 2 Ave,-73.98205027,40.73587678,"3","1",Manhattan,359299.096471,636471539.774
"462","71",W 22 St & 10 Ave,-74.00451887,40.74691959,"3","1",Manhattan,359299.096471,636471539.774
"464","71",E 56 St & 3 Ave,-73.96759673,40.75934501,"3","1",Manhattan,359299.096471,636471539.774
"465","71",Broadway & W 41 St,-73.98658032,40.75513557,"3","1",Manhattan,359299.096471,636471539.774
"466","71",W 25 St & 6 Ave,-73.99144871,40.74395411,"3","1",Manhattan,359299.096471,636471539.774
"468","71",Broadway & W 56 St,-73.98192338,40.7652654,"3","1",Manhattan,359299.096471,636471539.774
"469","71",Broadway & W 53 St,-73.98268129,40.76344058,"3","1",Manhattan,359299.096471,636471539.774
"470","71",W 20 St & 8 Ave,-74.00004031,40.74345335,"3","1",Manhattan,359299.096471,636471539.774
"472","71",E 32 St & Park Ave,-73.98194829,40.7457121,"3","1",Manhattan,359299.096471,636471539.774
"473","71",Rivington St & Chrystie St,-73.9919254,40.72110063,"3","1",Manhattan,359299.096471,636471539.774
"474","71",5 Ave & E 29 St,-73.98683077,40.7451677,"3","1",Manhattan,359299.096471,636471539.774
"476","71",E 31 St & 3 Ave,-73.97966069,40.74394314,"3","1",Manhattan,359299.096471,636471539.774
"477","71",W 41 St & 8 Ave,-73.9900262,40.75640548,"3","1",Manhattan,359299.096471,636471539.774
"478","71",11 Ave & W 41 St,-73.99884222,40.76030096,"3","1",Manhattan,359299.096471,636471539.774
"479","71",9 Ave & W 45 St,-73.9912551,40.76019252,"3","1",Manhattan,359299.096471,636471539.774
"480","71",W 53 St & 10 Ave,-73.99061728,40.76669671,"3","1",Manhattan,359299.096471,636471539.774
"482","71",W 15 St & 7 Ave,-73.99931783,40.73935542,"3","1",Manhattan,359299.096471,636471539.774
"483","71",E 12 St & 3 Ave,-73.98889957,40.73223272,"3","1",Manhattan,359299.096471,636471539.774
"484","71",W 44 St & 5 Ave,-73.98014437,40.75500254,"3","1",Manhattan,359299.096471,636471539.774
"485","71",W 37 St & 5 Ave,-73.98338988,40.75038009,"3","1",Manhattan,359299.096471,636471539.774
"486","71",Broadway & W 29 St,-73.98855723,40.7462009,"3","1",Manhattan,359299.096471,636471539.774
"488","71",W 39 St & 9 Ave,-73.99372222,40.75645824,"3","1",Manhattan,359299.096471,636471539.774
"489","71",10 Ave & W 28 St,-74.00176802,40.75066386,"3","1",Manhattan,359299.096471,636471539.774
"490","71",8 Ave & W 33 St,-73.993934,40.751551,"3","1",Manhattan,359299.096471,636471539.774
"494","71",W 26 St & 8 Ave,-73.99723551,40.74734825,"3","1",Manhattan,359299.096471,636471539.774
"495","71",W 47 St & 10 Ave,-73.99301222,40.76269882,"3","1",Manhattan,359299.096471,636471539.774
"496","71",E 16 St & 5 Ave,-73.99238967,40.73726186,"3","1",Manhattan,359299.096471,636471539.774
"497","71",E 17 St & Broadway,-73.99009296,40.73704984,"3","1",Manhattan,359299.096471,636471539.774
"500","71",Broadway & W 51 St,-73.98336183,40.76228826,"3","1",Manhattan,359299.096471,636471539.774
"501","71",FDR Drive & E 35 St,-73.97121214,40.744219,"3","1",Manhattan,359299.096471,636471539.774
"502","71",Henry St & Grand St,-73.981095,40.714211,"3","1",Manhattan,359299.096471,636471539.774
"503","71",E 20 St & Park Ave,-73.98751968,40.73827428,"3","1",Manhattan,359299.096471,636471539.774
"504","71",1 Ave & E 16 St,-73.98165557,40.73221853,"3","1",Manhattan,359299.096471,636471539.774
"505","71",6 Ave & W 33 St,-73.98848395,40.74901271,"3","1",Manhattan,359299.096471,636471539.774
"507","71",E 25 St & 2 Ave,-73.97973776,40.73912601,"3","1",Manhattan,359299.096471,636471539.774
"508","71",W 46 St & 11 Ave,-73.99667444,40.76341379,"3","1",Manhattan,359299.096471,636471539.774
"509","71",9 Ave & W 22 St,-74.00197139,40.7454973,"3","1",Manhattan,359299.096471,636471539.774
"510","71",W 51 St & 6 Ave,-73.98042047,40.7606597,"3","1",Manhattan,359299.096471,636471539.774
"511","71",E 14 St & Avenue B,-73.97772429,40.72938685,"3","1",Manhattan,359299.096471,636471539.774
"512","71",W 29 St & 9 Ave,-73.99839279,40.7500727,"3","1",Manhattan,359299.096471,636471539.774
"513","71",W 56 St & 10 Ave,-73.988639,40.768254,"3","1",Manhattan,359299.096471,636471539.774
"514","71",12 Ave & W 40 St,-74.00277668,40.76087502,"3","1",Manhattan,359299.096471,636471539.774
"515","71",W 43 St & 10 Ave,-73.99461843,40.76009437,"3","1",Manhattan,359299.096471,636471539.774
"516","71",E 47 St & 1 Ave,-73.96784384,40.75206862,"3","1",Manhattan,359299.096471,636471539.774
"522","71",E 51 St & Lexington Ave,-73.97207836,40.75714758,"3","1",Manhattan,359299.096471,636471539.774
"525","71",W 34 St & 11 Ave,-74.0021163,40.75594159,"3","1",Manhattan,359299.096471,636471539.774
"526","71",E 33 St & 5 Ave,-73.98490707,40.74765947,"3","1",Manhattan,359299.096471,636471539.774
"528","71",2 Ave & E 31 St,-73.97706058,40.74290902,"3","1",Manhattan,359299.096471,636471539.774
"529","71",W 42 St & 8 Ave,-73.99098507,40.7575699,"3","1",Manhattan,359299.096471,636471539.774
"530","71",11 Ave & W 59 St,-73.9904603362083,40.7714967105444,"3","1",Manhattan,359299.096471,636471539.774
"531","71",Forsyth St & Broome St,-73.99266288,40.71893904,"3","1",Manhattan,359299.096471,636471539.774
"536","71",1 Ave & E 30 St,-73.97536082,40.74144387,"3","1",Manhattan,359299.096471,636471539.774
"537","71",Lexington Ave & E 24 St,-73.98409214,40.74025878,"3","1",Manhattan,359299.096471,636471539.774
"540","71",Lexington Ave & E 29 St,-73.9821535348892,40.7431155537649,"3","1",Manhattan,359299.096471,636471539.774
"545","71",E 23 St & 1 Ave,-73.97809472,40.736502,"3","1",Manhattan,359299.096471,636471539.774
"546","71",E 30 St & Park Ave S,-73.98303529,40.74444921,"3","1",Manhattan,359299.096471,636471539.774
"2003","71",1 Ave & E 18 St,-73.9805442094803,40.7338121919663,"3","1",Manhattan,359299.096471,636471539.774
"2006","71",Central Park S & 6 Ave,-73.97634151,40.76590936,"3","1",Manhattan,359299.096471,636471539.774
"2008","71",Little West St & 1 Pl,-74.01677685,40.70569254,"3","1",Manhattan,359299.096471,636471539.774
"2009","71",Catherine St & Monroe St,-73.99682619,40.71117444,"3","1",Manhattan,359299.096471,636471539.774
"2010","71",Grand St & Greene St,-74.002381414175,40.7217000523561,"3","1",Manhattan,359299.096471,636471539.774
"2012","71",E 27 St & 1 Ave,-73.976806,40.739445,"3","1",Manhattan,359299.096471,636471539.774
"2021","71",W 45 St & 8 Ave,-73.98859651,40.75929124,"3","1",Manhattan,359299.096471,636471539.774
"2022","71",E 60 St & York Ave,-73.959223,40.759107,"3","1",Manhattan,359299.096471,636471539.774
"3131","71",E 68 St & 3 Ave,-73.9622461795807,40.7671284034954,"3","1",Manhattan,359299.096471,636471539.774
"3132","71",E 59 St & Madison Ave,-73.97109243,40.76350532,"3","1",Manhattan,359299.096471,636471539.774
"3134","71",3 Ave & E 62 St,-73.96526895,40.76312584,"3","1",Manhattan,359299.096471,636471539.774
"3135","71",E 75 St & 3 Ave,-73.95772297,40.77112927,"3","1",Manhattan,359299.096471,636471539.774
"3136","71",5 Ave & E 63 St,-73.971518,40.766368,"3","1",Manhattan,359299.096471,636471539.774
"3137","71",5 Ave & E 72 St,-73.96685276,40.77282817,"3","1",Manhattan,359299.096471,636471539.774
"3139","71",E 72 St & Park Ave,-73.9640942215919,40.7711828754066,"3","1",Manhattan,359299.096471,636471539.774
"3140","71",1 Ave & E 78 St,-73.9535166,40.77140426,"3","1",Manhattan,359299.096471,636471539.774
"3141","71",1 Ave & E 68 St,-73.95818491,40.76500525,"3","1",Manhattan,359299.096471,636471539.774
"3142","71",1 Ave & E 62 St,-73.96094022,40.7612274,"3","1",Manhattan,359299.096471,636471539.774
"3143","71",5 Ave & E 78 St,-73.9642739295959,40.7763214218227,"3","1",Manhattan,359299.096471,636471539.774
"3144","71",E 81 St & Park Ave,-73.9590097,40.77677702,"3","1",Manhattan,359299.096471,636471539.774
"3145","71",E 84 St & Park Ave,-73.95772073,40.77862688,"3","1",Manhattan,359299.096471,636471539.774
"3146","71",E 81 St & 3 Ave,-73.9567526,40.77573034,"3","1",Manhattan,359299.096471,636471539.774
"3147","71",E 85 St & 3 Ave,-73.95407149,40.77801203,"3","1",Manhattan,359299.096471,636471539.774
"3148","71",E 84 St & 1 Ave,-73.95068615,40.77565541,"3","1",Manhattan,359299.096471,636471539.774
"3150","71",E 85 St & York Ave,-73.94803392,40.77536905,"3","1",Manhattan,359299.096471,636471539.774
"3151","71",E 81 St & York Ave,-73.94989233,40.7728384,"3","1",Manhattan,359299.096471,636471539.774
"3152","71",3 Ave & E 71 St,-73.96119945,40.76873687,"3","1",Manhattan,359299.096471,636471539.774
"3154","71",E 77 St & 3 Ave,-73.95856158,40.77314236,"3","1",Manhattan,359299.096471,636471539.774
"3156","71",E 72 St & York Ave,-73.95348296,40.76663814,"3","1",Manhattan,359299.096471,636471539.774
"3157","71",East End Ave & E 86 St,-73.94446054,40.77518615,"3","1",Manhattan,359299.096471,636471539.774
"3158","71",W 63 St & Broadway,-73.98261428,40.77163851,"3","1",Manhattan,359299.096471,636471539.774
"3159","71",W 67 St & Broadway,-73.98266566,40.77492513,"3","1",Manhattan,359299.096471,636471539.774
"3160","71",Central Park West & W 76 St,-73.97374737,40.77896784,"3","1",Manhattan,359299.096471,636471539.774
"3161","71",W 76 St & Columbus Ave,-73.9772853255272,40.7801839724239,"3","1",Manhattan,359299.096471,636471539.774
"3163","71",Central Park West & W 68 St,-73.97782542,40.7734066,"3","1",Manhattan,359299.096471,636471539.774
"3164","71",Columbus Ave & W 72 St,-73.97898475,40.7770575,"3","1",Manhattan,359299.096471,636471539.774
"3165","71",Central Park West & W 72 St,-73.9762057363987,40.7757937668367,"3","1",Manhattan,359299.096471,636471539.774
"3166","71",Riverside Dr & W 72 St,-73.9856243133545,40.7805779901033,"3","1",Manhattan,359299.096471,636471539.774
"3167","71",Amsterdam Ave & W 73 St,-73.9809304475784,40.7796680900731,"3","1",Manhattan,359299.096471,636471539.774
"3169","71",Riverside Dr & W 82 St,-73.98128127,40.78720869,"3","1",Manhattan,359299.096471,636471539.774
"3170","71",W 84 St & Columbus Ave,-73.97283406,40.78499979,"3","1",Manhattan,359299.096471,636471539.774
"3171","71",Amsterdam Ave & W 82 St,-73.97667321,40.78524672,"3","1",Manhattan,359299.096471,636471539.774
"3172","71",W 74 St & Columbus Ave,-73.97754961,40.7785669,"3","1",Manhattan,359299.096471,636471539.774
"3173","71",Riverside Blvd & W 67 St,-73.9888858795166,40.777507027548,"3","1",Manhattan,359299.096471,636471539.774
"3175","71",W 70 St & Amsterdam Ave,-73.98288594,40.77748046,"3","1",Manhattan,359299.096471,636471539.774
"3177","71",W 84 St & Broadway,-73.977112,40.7867947,"3","1",Manhattan,359299.096471,636471539.774
"3178","71",Riverside Dr & W 78 St,-73.98362492,40.78414472,"3","1",Manhattan,359299.096471,636471539.774
"3226","71",W 82 St & Central Park West,-73.97137,40.78275,"3","1",Manhattan,359299.096471,636471539.774
"3231","71",E 67 St & Park Ave,-73.9659208059311,40.7678008014813,"3","1",Manhattan,359299.096471,636471539.774
"3233","71",E 48 St & 5 Ave,-73.978059142828,40.7572456791173,"3","1",Manhattan,359299.096471,636471539.774
"3235","71",E 41 St & Madison Ave (SW corner),-73.9799219369888,40.752165280622,"3","1",Manhattan,359299.096471,636471539.774
"3236","71",W 42 St & Dyer Ave,-73.9937996864319,40.7589848139963,"3","1",Manhattan,359299.096471,636471539.774
"3238","71",E 80 St & 2 Ave,-73.9543953537941,40.7739139023812,"3","1",Manhattan,359299.096471,636471539.774
"3243","71",E 58 St & 1 Ave (NE Corner),-73.9622622728348,40.7589238637769,"3","1",Manhattan,359299.096471,636471539.774
"3244","71",University Pl & E 8 St,-73.9949034154415,40.7314372408523,"3","1",Manhattan,359299.096471,636471539.774
"3254","71",Soissons Landing,-74.0148657560349,40.6923166071919,"3","1",Manhattan,359299.096471,636471539.774
"3255","71",8 Ave & W 31 St,-73.9946848154068,40.7505853470215,"3","1",Manhattan,359299.096471,636471539.774
"3256","71",Pier 40 - Hudson River Park,-74.011295735836,40.7277140777778,"3","1",Manhattan,359299.096471,636471539.774
"3260","71",Mercer St & Bleecker St,-73.9966213703155,40.7270636334831,"3","1",Manhattan,359299.096471,636471539.774
"3263","71",Cooper Square & Astor Pl,-73.990752696991,40.7295149622495,"3","1",Manhattan,359299.096471,636471539.774
"3283","71",W 89 St & Columbus Ave,-73.97041561,40.7882213,"3","1",Manhattan,359299.096471,636471539.774
"3284","71",E 88 St & Park Ave,-73.9559590816498,40.78141070019,"3","1",Manhattan,359299.096471,636471539.774
"3285","71",W 87 St & Amsterdam Ave,-73.9747,40.78839,"3","1",Manhattan,359299.096471,636471539.774
"3286","71",E 89 St & 3 Ave,-73.9521667,40.7806284,"3","1",Manhattan,359299.096471,636471539.774
"3287","71",W 87 St & West End Ave,-73.97757,40.789622,"3","1",Manhattan,359299.096471,636471539.774
"3288","71",E 88 St & 1 Ave,-73.9488134,40.778301,"3","1",Manhattan,359299.096471,636471539.774
"3289","71",W 90 St & Amsterdam Ave,-73.9728891849518,40.7901794809508,"3","1",Manhattan,359299.096471,636471539.774
"3290","71",E 89 St & York Ave,-73.946041,40.7779453,"3","1",Manhattan,359299.096471,636471539.774
"3292","71",5 Ave & E 93 St,-73.957481,40.7857851,"3","1",Manhattan,359299.096471,636471539.774
"3293","71",W 92 St & Broadway,-73.9739,40.7921,"3","1",Manhattan,359299.096471,636471539.774
"3296","71",E 93 St & 2 Ave,-73.9489196240902,40.7824541752799,"3","1",Manhattan,359299.096471,636471539.774
"3299","71",E 98 St & Park Ave,-73.95206,40.78813,"3","1",Manhattan,359299.096471,636471539.774
"3301","71",Columbus Ave & W 95 St,-73.968087,40.7919557,"3","1",Manhattan,359299.096471,636471539.774
"3302","71",Columbus Ave & W 103 St,-73.9643412291,40.7969347,"3","1",Manhattan,359299.096471,636471539.774
"3305","71",E 91 St & 2 Ave,-73.9496304094791,40.7811527642792,"3","1",Manhattan,359299.096471,636471539.774
"3307","71",West End Ave & W 94 St,-73.974124,40.7941654,"3","1",Manhattan,359299.096471,636471539.774
"3309","71",E 97 St & 3 Ave,-73.94860294,40.7859201,"3","1",Manhattan,359299.096471,636471539.774
"3312","71",1 Ave & E 94 St,-73.94594,40.7817212,"3","1",Manhattan,359299.096471,636471539.774
"3314","71",W 95 St & Broadway,-73.971888,40.7937704,"3","1",Manhattan,359299.096471,636471539.774
"3318","71",2 Ave & E 96 St,-73.9471673,40.7839636,"3","1",Manhattan,359299.096471,636471539.774
"3323","71",W 106 St & Central Park West,-73.9605909006,40.7981856,"3","1",Manhattan,359299.096471,636471539.774
"3325","71",E 95 St & 3 Ave,-73.950503,40.7849032,"3","1",Manhattan,359299.096471,636471539.774
"3327","71",3 Ave & E 100 St,-73.94728331,40.7877214,"3","1",Manhattan,359299.096471,636471539.774
"3328","71",W 100 St & Manhattan Ave,-73.9645,40.795,"3","1",Manhattan,359299.096471,636471539.774
"3331","71",Riverside Dr & W 104 St,-73.9711457439,40.8013434,"3","1",Manhattan,359299.096471,636471539.774
"3336","71",E 97 St & Madison Ave,-73.953559,40.787801,"3","1",Manhattan,359299.096471,636471539.774
"3338","71",2 Ave & E 99 St,-73.94552579,40.7862586,"3","1",Manhattan,359299.096471,636471539.774
"3343","71",W 107 St & Columbus Ave,-73.9621128676,40.7997568,"3","1",Manhattan,359299.096471,636471539.774
"3345","71",Madison Ave & E 99 St,-73.9524292945862,40.7894854155321,"3","1",Manhattan,359299.096471,636471539.774
"3350","71",W 100 St & Broadway,-73.97041192,40.7973721,"3","1",Manhattan,359299.096471,636471539.774
"3351","71",E 102 St & 1 Ave,-73.94164802,40.7869946,"3","1",Manhattan,359299.096471,636471539.774
"3355","71",E 66 St & Madison Ave,-73.9684528112411,40.7680088930595,"3","1",Manhattan,359299.096471,636471539.774
"3356","71",Amsterdam Ave & W 66 St,-73.98470567,40.7746671,"3","1",Manhattan,359299.096471,636471539.774
"3357","71",W 106 St & Amsterdam Ave,-73.9664492472,40.8008363,"3","1",Manhattan,359299.096471,636471539.774
"3359","71",E 68 St & Madison Ave,-73.96703464,40.7691572,"3","1",Manhattan,359299.096471,636471539.774
"3360","71",Amsterdam Ave & W 79 St,-73.9786517,40.7829391,"3","1",Manhattan,359299.096471,636471539.774
"3362","71",Madison Ave & E 82 St,-73.96069399,40.7781314,"3","1",Manhattan,359299.096471,636471539.774
"3363","71",E 102 St & Park Ave,-73.95033068,40.7904828,"3","1",Manhattan,359299.096471,636471539.774
"3366","71",West End Ave & W 107 St,-73.9681805305,40.8021174,"3","1",Manhattan,359299.096471,636471539.774
"3367","71",5 Ave & E 103 St,-73.95249933,40.7922553,"3","1",Manhattan,359299.096471,636471539.774
"3369","71",E 82 St & East End Ave,-73.9468208,40.7724607,"3","1",Manhattan,359299.096471,636471539.774
"3370","71",E 78 St & 2 Ave,-73.95577801,40.7727966,"3","1",Manhattan,359299.096471,636471539.774
"3372","71",E 74 St & 1 Ave,-73.95482273,40.7689738,"3","1",Manhattan,359299.096471,636471539.774
"3374","71",Central Park North & Adam Clayton Powell Blvd,-73.955613,40.799484,"3","1",Manhattan,359299.096471,636471539.774
"3375","71",3 Ave & E 72 St,-73.96060712,40.7699426,"3","1",Manhattan,359299.096471,636471539.774
"3376","71",E 65 St & 2 Ave,-73.962220698595,40.7647185194434,"3","1",Manhattan,359299.096471,636471539.774
"3378","71",E 76 St & Park Ave,-73.96222088,40.773763,"3","1",Manhattan,359299.096471,636471539.774
"3379","71",E 103 St & Lexington Ave,-73.94755757,40.7903051,"3","1",Manhattan,359299.096471,636471539.774
"3383","71",Cathedral Pkwy & Broadway,-73.96699104,40.804213,"3","1",Manhattan,359299.096471,636471539.774
"3387","71",E 106 St & Madison Ave,-73.94945003,40.7934337,"3","1",Manhattan,359299.096471,636471539.774
"3391","71",E 106 St & 1 Ave,-73.93956237,40.7892529,"3","1",Manhattan,359299.096471,636471539.774
"3424","71",E 106 St & Lexington Ave,-73.945993,40.791976,"3","1",Manhattan,359299.096471,636471539.774
"3425","71",2 Ave & E 104 St,-73.94370784,40.7892105,"3","1",Manhattan,359299.096471,636471539.774
"3435","71",Grand St & Elizabeth St,-73.99596,40.718822,"3","1",Manhattan,359299.096471,636471539.774
"3436","71",Greenwich St & Hubert St,-74.010065,40.721319,"3","1",Manhattan,359299.096471,636471539.774
"3437","71",Riverside Dr & W 91 St,-73.9770036935806,40.7931348098666,"3","1",Manhattan,359299.096471,636471539.774
"3443","71",W 52 St & 6 Ave,-73.9798200130463,40.7613298312481,"3","1",Manhattan,359299.096471,636471539.774
"3457","71",E 58 St & Madison Ave,-73.9720952510834,40.7630259428052,"3","1",Manhattan,359299.096471,636471539.774
"3461","71",Murray St & Greenwich St,-74.0112233161926,40.7148515052625,"3","1",Manhattan,359299.096471,636471539.774
"3462","71",E 44 St & 2 Ave,-73.9713871479034,40.7511838746328,"3","1",Manhattan,359299.096471,636471539.774
"3463","71",E 16 St & Irving Pl,-73.9879739284515,40.7353670556054,"3","1",Manhattan,359299.096471,636471539.774
"3464","71",W 37 St & Broadway,-73.98770570755,40.7522709383741,"3","1",Manhattan,359299.096471,636471539.774
"3467","71",W Broadway & Spring St,-74.0016585588455,40.7249467235942,"3","1",Manhattan,359299.096471,636471539.774
"3472","71",W 15 St & 10 Ave,-74.0074735879898,40.742753828659,"3","1",Manhattan,359299.096471,636471539.774
"3479","71",Picnic Point,-74.0253531932831,40.6851255951541,"3","1",Manhattan,359299.096471,636471539.774
"3490","71",E 116 St & 2 Ave,-73.937261,40.796879,"3","1",Manhattan,359299.096471,636471539.774
"3491","71",E 118 St & 1 Ave,-73.93504,40.79747,"3","1",Manhattan,359299.096471,636471539.774
"3492","71",E 118 St & Park Ave,-73.9419949,40.8005385,"3","1",Manhattan,359299.096471,636471539.774
"3493","71",E 118 St & 3 Ave,-73.9389152,40.799139,"3","1",Manhattan,359299.096471,636471539.774
"3494","71",E 115 St & Lexington Ave,-73.9423,40.797911,"3","1",Manhattan,359299.096471,636471539.774
"3495","71",E 114 St & 1 Ave,-73.9362541,40.7945663,"3","1",Manhattan,359299.096471,636471539.774
"3496","71",1 Ave & E 110 St,-73.9383,40.7923272,"3","1",Manhattan,359299.096471,636471539.774
"3497","71",Pleasant Ave & E 116 St,-73.9333349,40.7949879,"3","1",Manhattan,359299.096471,636471539.774
"3498","71",Pleasant Ave & E 120 St,-73.9311847,40.7974772,"3","1",Manhattan,359299.096471,636471539.774
"3499","71",2 Ave & E 122 St,-73.9349,40.8006721,"3","1",Manhattan,359299.096471,636471539.774
"3500","71",E 115 St & Madison Ave,-73.944846,40.7989445,"3","1",Manhattan,359299.096471,636471539.774
"3501","71",E 118 St & Madison Ave,-73.9442507,40.8014866,"3","1",Manhattan,359299.096471,636471539.774
"3502","71",Lexington Ave & E 111 St,-73.9441232,40.7954121,"3","1",Manhattan,359299.096471,636471539.774
"3503","71",Madison Ave & E 120 St,-73.942954,40.80295,"3","1",Manhattan,359299.096471,636471539.774
"3504","71",E 123 St & Lexington Ave,-73.9379,40.8029263,"3","1",Manhattan,359299.096471,636471539.774
"3505","71",Lexington Ave & E 127 St,-73.936322,40.805726,"3","1",Manhattan,359299.096471,636471539.774
"3506","71",Lexington Ave & E 120 St,-73.9398167,40.8013066,"3","1",Manhattan,359299.096471,636471539.774
"3507","71",Park Ave & E 124 St,-73.9396861,40.8045555,"3","1",Manhattan,359299.096471,636471539.774
"3508","71",St Nicholas Ave & Manhattan Ave,-73.953149,40.809725,"3","1",Manhattan,359299.096471,636471539.774
"3509","71",Lenox Ave & W 115 St,-73.9500739,40.8011939,"3","1",Manhattan,359299.096471,636471539.774
"3510","71",Adam Clayton Powell Blvd & W 123 St,-73.949373,40.8078316,"3","1",Manhattan,359299.096471,636471539.774
"3511","71",Adam Clayton Powell Blvd & W 115 St,-73.9532423,40.802535,"3","1",Manhattan,359299.096471,636471539.774
"3518","71",Lenox Ave & W 126 St,-73.9452087,40.808442,"3","1",Manhattan,359299.096471,636471539.774
"3520","71",Adam Clayton Powell Blvd & W 118 St,-73.951475,40.804372,"3","1",Manhattan,359299.096471,636471539.774
"3521","71",Lenox Ave & W 111 St,-73.9523,40.7987859,"3","1",Manhattan,359299.096471,636471539.774
"3529","71",Lenox Ave & W 130 St,-73.9430681,40.8107922,"3","1",Manhattan,359299.096471,636471539.774
"3531","71",Frederick Douglass Blvd & W 129 St,-73.9492286,40.8125511,"3","1",Manhattan,359299.096471,636471539.774
"3533","71",St. Nicholas Ave & W 126 St,-73.9518776,40.8114323,"3","1",Manhattan,359299.096471,636471539.774
"3534","71",Frederick Douglass Blvd & W 117 St,-73.954692,40.805159,"3","1",Manhattan,359299.096471,636471539.774
"3535","71",Mt Morris Park W & W 120 St,-73.945925,40.804038,"3","1",Manhattan,359299.096471,636471539.774
"3536","71",W 116 St & Broadway,-73.9641,40.8082,"3","1",Manhattan,359299.096471,636471539.774
"3538","71",W 110 St & Amsterdam Ave,-73.96295,40.802692,"3","1",Manhattan,359299.096471,636471539.774
"3539","71",W 116 St & Amsterdam Ave,-73.9607082,40.8067581,"3","1",Manhattan,359299.096471,636471539.774
"3540","71",Morningside Ave & W 123 St,-73.9551508,40.81,"3","1",Manhattan,359299.096471,636471539.774
"3541","71",Amsterdam Ave & W 125 St,-73.956461,40.813358,"3","1",Manhattan,359299.096471,636471539.774
"3543","71",Morningside Dr & Amsterdam Ave,-73.9573645591736,40.81028506306,"3","1",Manhattan,359299.096471,636471539.774
"3545","71",Broadway & W 122 St,-73.9612547,40.8120562,"3","1",Manhattan,359299.096471,636471539.774
"3547","71",Broadway & Moylan Pl,-73.9590255,40.8143256,"3","1",Manhattan,359299.096471,636471539.774
"3551","71",3 Ave & E 112 St,-73.941606,40.795508,"3","1",Manhattan,359299.096471,636471539.774
"3552","71",W 113 St & Broadway,-73.964928,40.805973,"3","1",Manhattan,359299.096471,636471539.774
"3553","71",Frederick Douglass Blvd & W 112 St,-73.957145,40.801694,"3","1",Manhattan,359299.096471,636471539.774
"3622","71",E 128 St & Madison Ave,-73.939182,40.80756,"3","1",Manhattan,359299.096471,636471539.774
"3623","71",W 120 St & Claremont Ave,-73.9634,40.8109494,"3","1",Manhattan,359299.096471,636471539.774
"3628","71",Lenox Ave & W 117 St,-73.9490782,40.8025566,"3","1",Manhattan,359299.096471,636471539.774
"3629","71",Adam Clayton Powell Blvd & W 126 St,-73.9477649331093,40.8094953477795,"3","1",Manhattan,359299.096471,636471539.774
"3630","71",Frederick Douglass Blvd & W 115 St,-73.9559308,40.8038654,"3","1",Manhattan,359299.096471,636471539.774
"3635","71",W 36 St & 9 Ave,-73.9951676130295,40.7546232402911,"3","1",Manhattan,359299.096471,636471539.774
"3641","71",Broadway & W 25 St,-73.9891862869263,40.7428687731211,"3","1",Manhattan,359299.096471,636471539.774
"3649","71",W 129 St & Convent Ave,-73.9532473683357,40.8143944379158,"3","1",Manhattan,359299.096471,636471539.774
"3656","71",E 2 St & Avenue A,-73.9858362078667,40.7230774906867,"3","1",Manhattan,359299.096471,636471539.774
"3658","71",W 18 St & 9 Ave,-74.0036755800247,40.7435337324616,"3","1",Manhattan,359299.096471,636471539.774
"3664","71",North Moore St & Greenwich St,-74.0103006362915,40.7201952143746,"3","1",Manhattan,359299.096471,636471539.774
"3686","71",Gansevoort St & Hudson St,-74.0050703287125,40.739448201304,"3","1",Manhattan,359299.096471,636471539.774
"3687","71",E 33 St & 1 Ave,-73.9744978398085,40.7432268143217,"3","1",Manhattan,359299.096471,636471539.774
"3688","71",2 Ave & E 55 St,-73.9663821458817,40.757920208794,"3","1",Manhattan,359299.096471,636471539.774
"3689","71",W 104 St & Amsterdam Ave,-73.9664947986603,40.799041392883,"3","1",Manhattan,359299.096471,636471539.774
"3690","71",Park Pl & Church St,-74.0093551576138,40.7133418427591,"3","1",Manhattan,359299.096471,636471539.774
"3697","71",W 64 St & Thelonious Monk Circle,-73.9891869574785,40.7751595343424,"3","1",Manhattan,359299.096471,636471539.774
"3699","71",W 50 St & 9 Ave,-73.9891795814037,40.7636046779586,"3","1",Manhattan,359299.096471,636471539.774
"3705","71",Thompson St & Bleecker St,-73.9996878057718,40.7284005945083,"3","1",Manhattan,359299.096471,636471539.774
"3707","71",Lexington Ave & E 26 St,-73.983293,40.741459,"3","1",Manhattan,359299.096471,636471539.774
"3708","71",W 13 St & 5 Ave,-73.99431,40.735445,"3","1",Manhattan,359299.096471,636471539.774
"3709","71",W 15 St & 6 Ave,-73.996429592371,40.7380461424828,"3","1",Manhattan,359299.096471,636471539.774
"3711","71",E 13 St & Avenue A,-73.9806796610355,40.7296672939298,"3","1",Manhattan,359299.096471,636471539.774
"3712","71",W 35 St & Dyer Ave,-73.9974018931389,40.754691750226,"3","1",Manhattan,359299.096471,636471539.774
"3718","71",E 11 St & Avenue B,-73.9795041829348,40.7274642069239,"3","1",Manhattan,359299.096471,636471539.774
"3724","71",7 Ave & Central Park South,-73.9790689945221,40.7667405590595,"3","1",Manhattan,359299.096471,636471539.774
"3725","71",2 Ave & E 72 St,-73.9584079384804,40.7687620293096,"3","1",Manhattan,359299.096471,636471539.774
"3731","71",W 47 St & 6 Ave,-73.98255,40.758397,"3","1",Manhattan,359299.096471,636471539.774
"3733","71",Avenue C & E 18 St,-73.973984,40.730563,"3","1",Manhattan,359299.096471,636471539.774
"3734","71",E 58 St & 1 Ave (NW Corner),-73.962658,40.759125,"3","1",Manhattan,359299.096471,636471539.774
"3735","71",W 30 St & 10 Ave,-74.002353,40.752694,"3","1",Manhattan,359299.096471,636471539.774
"3736","71",E 12 St & Ave C,-73.976831,40.727243,"3","1",Manhattan,359299.096471,636471539.774
"3737","71",Stanton St & Norfolk St,-73.986274,40.720747,"3","1",Manhattan,359299.096471,636471539.774
"3738","71",Delancey St & Eldridge St,-73.991479,40.719383,"3","1",Manhattan,359299.096471,636471539.774
"3739","71",Perry St & Greenwich Ave,-74.000939,40.735918,"3","1",Manhattan,359299.096471,636471539.774
"3740","71",W Broadway & W Houston St,-74.000472,40.726378,"3","1",Manhattan,359299.096471,636471539.774
"3746","71",6 Ave & Broome St,-74.00473,40.72431,"3","1",Manhattan,359299.096471,636471539.774
"3749","71",Lexington Ave & E 36 St,-73.9788007736206,40.7475739589548,"3","1",Manhattan,359299.096471,636471539.774
"3783","71",Cliff St & Fulton St,-74.00495,40.70838,"3","1",Manhattan,359299.096471,636471539.774
"3785","71",W 42 St & 6 Ave,-73.98455,40.75492,"3","1",Manhattan,359299.096471,636471539.774
"3786","71",Division St & Bowery,-73.996732,40.714193,"3","1",Manhattan,359299.096471,636471539.774
"3798","71",W 40 St & 5 Ave,-73.982079,40.752269,"3","1",Manhattan,359299.096471,636471539.774
"3799","71",6 Ave & W 34 St,-73.98805,40.74964,"3","1",Manhattan,359299.096471,636471539.774
"3809","71",W 55 St & 6 Ave,-73.978434,40.763189,"3","1",Manhattan,359299.096471,636471539.774
"3812","71",University Pl & E 14 St,-73.992085,40.734814,"3","1",Manhattan,359299.096471,636471539.774
"3813","71",W 20 St & 10 Ave,-74.005141,40.745686,"3","1",Manhattan,359299.096471,636471539.774
"3814","71",E 56 St & Madison Ave,-73.972628,40.761573,"3","1",Manhattan,359299.096471,636471539.774
"3815","71",E 51 St & 2 Ave,-73.967641,40.755293,"3","1",Manhattan,359299.096471,636471539.774
"3881","71",12 Ave & W 125 St,-73.960405,40.818299,"3","1",Manhattan,359299.096471,636471539.774
"3894","71",8 Ave & W 16 St,-74.001702,40.740983,"3","1",Manhattan,359299.096471,636471539.774
"3898","71",E 63 St & 3 Ave,-73.9646,40.763954,"3","1",Manhattan,359299.096471,636471539.774
"3905","71",4 Ave & E 12 St,-73.99011,40.732647,"3","1",Manhattan,359299.096471,636471539.774
"3906","71",West St & Liberty St,-74.014847,40.711444,"3","1",Manhattan,359299.096471,636471539.774
"3914","71",West End Ave & W 78 St,-73.981687,40.783786,"3","1",Manhattan,359299.096471,636471539.774
"3916","71",Pearl St & Peck Slip,-74.002751,40.708485,"3","1",Manhattan,359299.096471,636471539.774
"3920","71",E 132 St & Madison Ave,-73.937195,40.810224,"3","1",Manhattan,359299.096471,636471539.774
"3926","71",5 Ave & W 131 St,-73.93973,40.81014,"3","1",Manhattan,359299.096471,636471539.774
"3927","71",Lenox Ave & W 133 St,-73.941878,40.81296,"3","1",Manhattan,359299.096471,636471539.774
"3928","71",Adam Clayton Powell Blvd & W 132 St,-73.94521,40.813539,"3","1",Manhattan,359299.096471,636471539.774
"3934","71",St Nicholas Ave & W 134 St,-73.948222,40.816234,"3","1",Manhattan,359299.096471,636471539.774
"3935","71",Amsterdam Ave & W 131 St,-73.954295,40.816355,"3","1",Manhattan,359299.096471,636471539.774
"3936","71",W 133 St & 12 Ave,-73.959089,40.820003,"3","1",Manhattan,359299.096471,636471539.774
"3942","71",Broadway & W 133 St,-73.956156,40.8190344,"3","1",Manhattan,359299.096471,636471539.774
"3944","71",Convent Ave & W 135 St,-73.950988,40.818215,"3","1",Manhattan,359299.096471,636471539.774
"3945","71",Amsterdam Ave & W 136 St,-73.951819,40.819746,"3","1",Manhattan,359299.096471,636471539.774
"3946","71",St Nicholas Ave & W 137 St,-73.947568,40.818477,"3","1",Manhattan,359299.096471,636471539.774
"3953","71",W 147 St & Adam Clayton Powell Blvd,-73.937413,40.82281,"3","1",Manhattan,359299.096471,636471539.774
"3959","71",Edgecombe Ave & W 145 St,-73.94386,40.823498,"3","1",Manhattan,359299.096471,636471539.774
"3960","71",Hamilton Pl & W 140 St,-73.951346,40.822756,"3","1",Manhattan,359299.096471,636471539.774
"3967","71",W 146 St & Broadway,-73.949738,40.826969,"3","1",Manhattan,359299.096471,636471539.774
"3973","71",St Nicholas Ave & W 150 St,-73.942722,40.827212,"3","1",Manhattan,359299.096471,636471539.774
"3980","71",Amsterdam Ave & W 152 St,-73.944279,40.829523,"3","1",Manhattan,359299.096471,636471539.774
"3981","71",Harlem River Dr & W 155 St,-73.939929,40.830476,"3","1",Manhattan,359299.096471,636471539.774
"3984","71",W 140 St & Riverside Dr,-73.954743,40.824013,"3","1",Manhattan,359299.096471,636471539.774
"3988","71",E 128 St & 3 Ave,-73.934077,40.805631,"3","1",Manhattan,359299.096471,636471539.774
"3994","71",2 Ave & E 125 St,-73.933509,40.802554,"3","1",Manhattan,359299.096471,636471539.774
"3995","71",5 Ave & E 135 St,-73.937838,40.812191,"3","1",Manhattan,359299.096471,636471539.774
"3996","71",Lexington Ave & E 128 St,-73.936085,40.806414,"3","1",Manhattan,359299.096471,636471539.774
"3997","71",5 Av & W 139 St,-73.935856,40.815484,"3","1",Manhattan,359299.096471,636471539.774
"3998","71",W 135 St & Lenox Terrace Pl,-73.939336,40.813619,"3","1",Manhattan,359299.096471,636471539.774
"3999","71",Adam Clayton Powell Blvd & W 138 St,-73.9422959089279,40.8169597103246,"3","1",Manhattan,359299.096471,636471539.774
"4000","71",Lenox Ave & W 144 St,-73.936521,40.819783,"3","1",Manhattan,359299.096471,636471539.774
"4001","71",Lenox Ave & W 146 St,-73.935971,40.821111,"3","1",Manhattan,359299.096471,636471539.774
"4002","71",W 144 St & Adam Clayton Powell Blvd,-73.939249,40.820877,"3","1",Manhattan,359299.096471,636471539.774
"4004","71",Edgecombe Ave & W 141 St,-73.945144,40.820681,"3","1",Manhattan,359299.096471,636471539.774
"4005","71",St. Nicholas Terrace & Convent Ave,-73.947868,40.821294,"3","1",Manhattan,359299.096471,636471539.774
"4007","71",Riverside Dr & W 138 St,-73.955857,40.823168,"3","1",Manhattan,359299.096471,636471539.774
"4008","71",Broadway & W 142 St,-73.951947,40.824686,"3","1",Manhattan,359299.096471,636471539.774
"4009","71",Riverside Dr & W 145 St,-73.951989,40.827305,"3","1",Manhattan,359299.096471,636471539.774
"4010","71",W 145 St & Amsterdam Ave,-73.947257,40.825244,"3","1",Manhattan,359299.096471,636471539.774
"4012","71",W 148 St & Amsterdam Ave,-73.945909,40.827075,"3","1",Manhattan,359299.096471,636471539.774
"4013","71",Convent Ave & W 151 St,-73.942924,40.82831,"3","1",Manhattan,359299.096471,636471539.774
"4014","71",Riverside Dr & W 148 St,-73.950426,40.829114,"3","1",Manhattan,359299.096471,636471539.774
"4015","71",W 155 St & Frederick Douglass Blvd,-73.936996,40.82923,"3","1",Manhattan,359299.096471,636471539.774
"4016","71",Adam Clayton Powell Blvd & W 130 St,-73.946168,40.812346,"3","1",Manhattan,359299.096471,636471539.774
"4017","71",E 138 St & 5 Av,-73.936153,40.81449,"3","1",Manhattan,359299.096471,636471539.774
"4018","71",Broadway & W 131 St,-73.957163,40.817555,"3","1",Manhattan,359299.096471,636471539.774
"4020","71",Bradhurst Ave & W 148 St,-73.941616,40.825125,"3","1",Manhattan,359299.096471,636471539.774
"4022","71",Lenox Ave & W 142 St,-73.937743,40.818067,"3","1",Manhattan,359299.096471,636471539.774
"4023","71",Adam Clayton Powell Blvd & W 141 St,-73.941057,40.819241,"3","1",Manhattan,359299.096471,636471539.774
"4024","71",Macombs Pl & W 152 St,-73.937948,40.826406,"3","1",Manhattan,359299.096471,636471539.774
"4025","71",Edgecombe Ave & W 150 St,-73.941427,40.826881,"3","1",Manhattan,359299.096471,636471539.774
"4027","71",St. Nicholas Ave & W 155 St,-73.941323,40.830663,"3","1",Manhattan,359299.096471,636471539.774
"4028","71",Frederick Douglass Blvd & Harlem River Dr,-73.936371,40.830702,"3","1",Manhattan,359299.096471,636471539.774
"4034","71",Hamilton Pl & W 138 St,-73.952761,40.821728,"3","1",Manhattan,359299.096471,636471539.774
"4035","71",Broadway & W 153 St,-73.946665,40.831327,"3","1",Manhattan,359299.096471,636471539.774
"4036","71",Motorgate,-73.9477213,40.7639089,"3","1",Manhattan,359299.096471,636471539.774
"4037","71",Roosevelt Island Tramway,-73.9536,40.757284,"3","1",Manhattan,359299.096471,636471539.774
"4038","71",Southpoint Park,-73.9586520195007,40.7537022541911,"3","1",Manhattan,359299.096471,636471539.774
"4040","71",Madison Ave & E 26 St,-73.9867132902145,40.7426847348757,"3","1",Manhattan,359299.096471,636471539.774
"4041","71",Adam Clayton Powell Blvd & W 151 St,-73.936232,40.825289,"3","1",Manhattan,359299.096471,636471539.774
"4044","71",8 Ave & W 38 St,-73.99177,40.75461,"3","1",Manhattan,359299.096471,636471539.774
"4045","71",West End Ave & W 60 St,-73.99005,40.77237,"3","1",Manhattan,359299.096471,636471539.774
"4047","71",Amsterdam Ave & W 156 St,-73.942386,40.832081,"3","1",Manhattan,359299.096471,636471539.774
"4048","71",St. Nicholas Ave & W 157 St,-73.94102,40.832314,"3","1",Manhattan,359299.096471,636471539.774
"4050","71",W 159 St & Edgecombe Ave,-73.939326,40.833303,"3","1",Manhattan,359299.096471,636471539.774
"4051","71",W 160 St & St. Nicholas Ave,-73.939865,40.834468,"3","1",Manhattan,359299.096471,636471539.774
"4052","71",Amsterdam Ave & W 162 St,-73.939789,40.83618,"3","1",Manhattan,359299.096471,636471539.774
"4053","71",W 163 St & Edgecombe Ave,-73.937496,40.835798,"3","1",Manhattan,359299.096471,636471539.774
"4054","71",W 163 St & Riverside Dr,-73.945446,40.839278,"3","1",Manhattan,359299.096471,636471539.774
"4055","71",W 165 St & Fort Washington Ave,-73.942939,40.84004,"3","1",Manhattan,359299.096471,636471539.774
"4056","71",Broadway & W 165 St,-73.941409,40.839137,"3","1",Manhattan,359299.096471,636471539.774
"4057","71",Amsterdam Ave & W 167 St,-73.937044,40.839443,"3","1",Manhattan,359299.096471,636471539.774
"4058","71",Madison Av & E 51 St,-73.97513,40.75863,"3","1",Manhattan,359299.096471,636471539.774
"4059","71",W 171 St & St. Nicholas Ave,-73.938631,40.842941,"3","1",Manhattan,359299.096471,636471539.774
"4060","71",Amsterdam Ave & W 172 St,-73.935111,40.842173,"3","1",Manhattan,359299.096471,636471539.774
"4061","71",Fort Washington Ave & W 173 St,-73.940493,40.84522,"3","1",Manhattan,359299.096471,636471539.774
"4062","71",Amsterdam Ave & W 175 St,-73.933651,40.844044,"3","1",Manhattan,359299.096471,636471539.774
"4063","71",Wadsworth Ave & W 175 St,-73.937648,40.846052,"3","1",Manhattan,359299.096471,636471539.774
"4065","71",Wadsworth Ave & W 179 St,-73.936064,40.848467,"3","1",Manhattan,359299.096471,636471539.774
"4066","71",Audobon Ave & W 179 St,-73.933291,40.847305,"3","1",Manhattan,359299.096471,636471539.774
"4067","71",Amsterdam Ave & W 180 St,-73.931205,40.847396,"3","1",Manhattan,359299.096471,636471539.774
"4068","71",Fort Washington Ave & W 183 St,-73.937854,40.852252,"3","1",Manhattan,359299.096471,636471539.774
"4069","71",Cabrini Blvd & W 177 St,-73.941343,40.848282,"3","1",Manhattan,359299.096471,636471539.774
"4070","71",W 180 St & Ft Washington Ave,-73.938423,40.849972,"3","1",Manhattan,359299.096471,636471539.774
"4071","71",Broadway & W 160 St,-73.9434,40.835775,"3","1",Manhattan,359299.096471,636471539.774
"4073","71",W 51 St & Rockefeller Plaza,-73.9781161397696,40.7597380525114,"3","1",Manhattan,359299.096471,636471539.774
"4074","71",Edgecombe Ave & W 167 St,-73.936085,40.838191,"3","1",Manhattan,359299.096471,636471539.774
"4075","71",Central Park West & W 85 St,-73.969862,40.78476,"3","1",Manhattan,359299.096471,636471539.774
"4104","71",Old Broadway & W 133 St,-73.955277,40.818212,"3","1",Manhattan,359299.096471,636471539.774
"4109","71",Amsterdam Ave & W 183 St,-73.93022,40.84925,"3","1",Manhattan,359299.096471,636471539.774
"4110","71",Avenue D & E 10 St,-73.9751583337784,40.7250655101547,"3","1",Manhattan,359299.096471,636471539.774
"4111","71",E 27 St & Park Ave S,-73.9847157150507,40.7427517964899,"3","1",Manhattan,359299.096471,636471539.774
"4112","71",Wards Meadow Comfort Station,-73.93077,40.78294,"3","1",Manhattan,359299.096471,636471539.774
"4113","71",Icahn Stadium,-73.92389,40.79346,"3","1",Manhattan,359299.096471,636471539.774
"4114","71",Sunken Meadow Comfort Station,-73.91906,40.79558,"3","1",Manhattan,359299.096471,636471539.774
"4115","71",Bronx Shore Comfort Station,-73.92404,40.80046,"3","1",Manhattan,359299.096471,636471539.774
"4118","71",Liberty St & Nassau St,-74.0093548223581,40.7085889424058,"3","1",Manhattan,359299.096471,636471539.774
"4120","71",E 39 St & Lexington Ave,-73.9772920311316,40.7494985460252,"3","1",Manhattan,359299.096471,636471539.774
"4121","71",1 Ave & E 39 St,-73.97113,40.74714,"3","1",Manhattan,359299.096471,636471539.774
"4122","71",Central Park W & W 97 St,-73.9641706646307,40.7924951949511,"3","1",Manhattan,359299.096471,636471539.774
"4123","71",Central Park W & W 103 St,-73.9618840813637,40.7955895410534,"3","1",Manhattan,359299.096471,636471539.774
"4124","71",Central Park W & W 91 St,-73.966800570488,40.7886649912788,"3","1",Manhattan,359299.096471,636471539.774
"4188","71",Broadway & W 155 St,-73.94592,40.83299,"3","1",Manhattan,359299.096471,636471539.774
"4193","71",W 181 St & Riverside Dr,-73.94186,40.85168,"3","1",Manhattan,359299.096471,636471539.774
"4214","71",Spring St & Hudson St,-74.0076532959938,40.7258399679237,"3","1",Manhattan,359299.096471,636471539.774
"4215","71",Hudson St & W 13 St,-74.0052741765976,40.7400570856729,"3","1",Manhattan,359299.096471,636471539.774
"4216","71",10 Ave & W 14 St,-74.0083158016205,40.7419815999402,"3","1",Manhattan,359299.096471,636471539.774
"4218","71",Spruce St & Gold St,-74.0043228,40.7103231,"3","1",Manhattan,359299.096471,636471539.774
"4219","71",W 35 St & 9 Ave,-73.9960889518261,40.7541451926352,"3","1",Manhattan,359299.096471,636471539.774
"4220","71",Frederick Douglass Blvd & W 145 St,-73.941928,40.823061,"3","1",Manhattan,359299.096471,636471539.774
"4224","71",Amsterdam Ave & W 119 St,-73.959586098872,40.8086321750637,"3","1",Manhattan,359299.096471,636471539.774
"4232","71",6 Ave & W 45 St,-73.982631,40.756951,"3","1",Manhattan,359299.096471,636471539.774
"4233","71",2 Ave & E 29 St,-73.9780926704407,40.7417235109747,"3","1",Manhattan,359299.096471,636471539.774
"4235","71",W 50 St & 10 Ave,-73.9919435977936,40.7647342000652,"3","1",Manhattan,359299.096471,636471539.774
"4236","71",W 54 St & 11 Ave,-73.992573,40.768333,"3","1",Manhattan,359299.096471,636471539.774
"4238","71",W 44 St & 11 Ave,-73.996975,40.762009,"3","1",Manhattan,359299.096471,636471539.774
"4239","71",E 50 St & Park Ave,-73.974235,40.757334,"3","1",Manhattan,359299.096471,636471539.774
"4240","71",E 44 St & Lexington Ave,-73.974996,40.752643,"3","1",Manhattan,359299.096471,636471539.774
"4244","71",W 36 St & 7 Ave,-73.989539,40.752149,"3","1",Manhattan,359299.096471,636471539.774
"4247","71",Riverside Dr & W 153 St,-73.949702,40.832164,"3","1",Manhattan,359299.096471,636471539.774
"4248","71",Old Slip & South St,-74.007867872715,40.7033668669587,"3","1",Manhattan,359299.096471,636471539.774
"4278","71",Albany St & Greenwich St,-74.013247,40.709267,"3","1",Manhattan,359299.096471,636471539.774
"4279","71",E 54 St & 1 Ave,-73.964179,40.756265,"3","1",Manhattan,359299.096471,636471539.774
"4280","71",W 10 St & Washington St,-74.0085149556398,40.7334239943708,"3","1",Manhattan,359299.096471,636471539.774
"4281","71",Morton St & Washington St,-74.00887,40.73115,"3","1",Manhattan,359299.096471,636471539.774
"4282","71",Washington St & Barrow St,-74.008769094944,40.7319113232317,"3","1",Manhattan,359299.096471,636471539.774
"4297","71",Greenwich St & Perry St,-74.00697,40.73498,"3","1",Manhattan,359299.096471,636471539.774
"4298","71",King St & Varick St,-74.0053626894951,40.7278970140902,"3","1",Manhattan,359299.096471,636471539.774
"4300","71",Bleecker St & Crosby St,-73.9951018989086,40.7261560498041,"3","1",Manhattan,359299.096471,636471539.774
"4301","71",8 Ave & W 27 St,-73.996637,40.747968,"3","1",Manhattan,359299.096471,636471539.774
"4326","71",Lenox Ave & W 140 St,-73.938787,40.817245,"3","1",Manhattan,359299.096471,636471539.774
"4333","71",E 5 St & Cooper Sq,-73.990993,40.72769,"3","1",Manhattan,359299.096471,636471539.774
"4336","71",E 13 St & 2 Ave,-73.9853024482727,40.7315393746407,"3","1",Manhattan,359299.096471,636471539.774
"4337","71",E 1 St & 1 Ave,-73.9886498451233,40.723355979608,"3","1",Manhattan,359299.096471,636471539.774
"4338","71",Grand St & Samuel Dickstein Plaza,-73.9841705560684,40.715118719965,"3","1",Manhattan,359299.096471,636471539.774
"4339","71","Forsyth St	& Grand St",-73.9931613206863,40.7177981773783,"3","1",Manhattan,359299.096471,636471539.774
"4340","71",Clinton St & Cherry St,-73.9867260307074,40.7114713944693,"3","1",Manhattan,359299.096471,636471539.774
"4341","71",Market St & Henry St,-73.9944635331631,40.7131070230591,"3","1",Manhattan,359299.096471,636471539.774
"4406","71",E 11 St & 3 Ave,-73.98849,40.73127,"3","1",Manhattan,359299.096471,636471539.774
"4407","71",Duane St & Hudson St,-74.00925,40.71703,"3","1",Manhattan,359299.096471,636471539.774
"4426","71",E 9 St & 5 Ave,-73.9958167076111,40.7327588704509,"3","1",Manhattan,359299.096471,636471539.774
"4427","71",Frederick Douglass Blvd & W 139 St,-73.9447689056396,40.8190058180656,"3","1",Manhattan,359299.096471,636471539.774
"4434","71",W 190 St & St. Nicholas Ave,-73.929513,40.854788,"3","1",Manhattan,359299.096471,636471539.774
"4437","71",Broadway & W 185 St,-73.93441,40.852538,"3","1",Manhattan,359299.096471,636471539.774
"4438","71",W 186 St & St. Nicholas Ave,-73.931308,40.852253,"3","1",Manhattan,359299.096471,636471539.774
"4439","71",Amsterdam Ave & W 189 St,-73.927094,40.853142,"3","1",Manhattan,359299.096471,636471539.774
"4440","71",Ft. Washington Ave & W 190 St,-73.935662,40.856906,"3","1",Manhattan,359299.096471,636471539.774
"4441","71",Broadway & W 192 St,-73.932173,40.857994,"3","1",Manhattan,359299.096471,636471539.774
"4442","71",Nagle Ave & Thayer St,-73.925591,40.861382,"3","1",Manhattan,359299.096471,636471539.774
"4443","71",Seaman Ave & Beak St,-73.926363,40.867505,"3","1",Manhattan,359299.096471,636471539.774
"4444","71",Academy St & Nagle Ave,-73.922661,40.862562,"3","1",Manhattan,359299.096471,636471539.774
"4445","71",10 Ave & W 204 St,-73.92006,40.862638,"3","1",Manhattan,359299.096471,636471539.774
"4446","71",W 204 St & Nagle Ave,-73.920827,40.863211,"3","1",Manhattan,359299.096471,636471539.774
"4447","71",Isham St & Broadway,-73.919685,40.86788,"3","1",Manhattan,359299.096471,636471539.774
"4448","71",9 Ave & W 219 St,-73.911503,40.871094,"3","1",Manhattan,359299.096471,636471539.774
"4451","71",W 190 St & Broadway,-73.9329698681831,40.8564873352358,"3","1",Manhattan,359299.096471,636471539.774
"4453","71",Audubon Ave & Fort George Ave,-73.927173614502,40.857157813919,"3","1",Manhattan,359299.096471,636471539.774
"4456","71",Nagle Ave & Ellwood St,-73.928489,40.86012,"3","1",Manhattan,359299.096471,636471539.774
"4457","71",Broadway & Ellwood St,-73.929719,40.862058,"3","1",Manhattan,359299.096471,636471539.774
"4458","71",Dyckman St & 10 Ave,-73.9230939745903,40.8589044753841,"3","1",Manhattan,359299.096471,636471539.774
"4459","71",Sherman Ave & Thayer St,-73.926994,40.863124,"3","1",Manhattan,359299.096471,636471539.774
"4460","71",Dyckman St & Henshaw St,-73.92936,40.867357,"3","1",Manhattan,359299.096471,636471539.774
"4461","71",Dyckman St & Staff St,-73.931537,40.868846,"3","1",Manhattan,359299.096471,636471539.774
"4462","71",10 Ave & W 202 St,-73.921417593956,40.861281970751,"3","1",Manhattan,359299.096471,636471539.774
"4463","71",W 204 St & Vermilyea Ave,-73.922648,40.866141,"3","1",Manhattan,359299.096471,636471539.774
"4464","71",9 Ave & W 206 St,-73.9175833761692,40.8630893781327,"3","1",Manhattan,359299.096471,636471539.774
"4465","71",Seaman Ave & Isham St,-73.9207631349564,40.8698986619404,"3","1",Manhattan,359299.096471,636471539.774
"4466","71",W 212 St & 10 Ave,-73.9167572557926,40.8676583895191,"3","1",Manhattan,359299.096471,636471539.774
"4467","71",10 Ave & W 215 St,-73.9151975512505,40.8693246564009,"3","1",Manhattan,359299.096471,636471539.774
"4468","71",W 218 St & Indian Rd,-73.9183719456196,40.8730545893709,"3","1",Manhattan,359299.096471,636471539.774
"4471","71",Amsterdam Ave & W 186 St,-73.928808,40.851113,"3","1",Manhattan,359299.096471,636471539.774
"4472","71",Margaret Corbin Plz & Ft Washington Ave,-73.933872,40.859166,"3","1",Manhattan,359299.096471,636471539.774
"4473","71",Broadway & W 220 St,-73.912807,40.872412,"3","1",Manhattan,359299.096471,636471539.774
"4474","71",10 Ave & W 207 St,-73.918598,40.864632,"3","1",Manhattan,359299.096471,636471539.774
"4478","71",1 Ave & E 6 St,-73.9861688017845,40.726330859717,"3","1",Manhattan,359299.096471,636471539.774
"4486","71",Broadway & W 168 St,-73.9397209882736,40.8408960319304,"3","1",Manhattan,359299.096471,636471539.774
"4487","71",Pinehurst Ave & W 187 St,-73.937878,40.855331,"3","1",Manhattan,359299.096471,636471539.774
"4502","71",W 218 St & Broadway,-73.914318,40.87139,"3","1",Manhattan,359299.096471,636471539.774
"4503","71",Yankee Ferry Terminal,-74.0167558512167,40.6870657987591,"3","1",Manhattan,359299.096471,636471539.774
"4617","71",5 Ave & W 126 St,-73.9418,40.80722,"3","1",Manhattan,359299.096471,636471539.774
"4640","71",Broadway & E 21 St,-73.9895859360695,40.73988840859,"3","1",Manhattan,359299.096471,636471539.774
"4641","71",Broadway & W 38 St,-73.9873489737511,40.7529728216068,"3","1",Manhattan,359299.096471,636471539.774
"4642","71","Broadway	& W 48 St",-73.9848679304123,40.7601773953778,"3","1",Manhattan,359299.096471,636471539.774
"4643","71",E 39 St & 2 Ave,-73.973827958107,40.7480331942877,"3","1",Manhattan,359299.096471,636471539.774
"4645","71",5 Ave & E 87 St,-73.9598751068115,40.7823226073088,"3","1",Manhattan,359299.096471,636471539.774
"4647","71",W 168th S & Fort Washington Ave,-73.9422395825386,40.8421023610217,"3","1",Manhattan,359299.096471,636471539.774
"4648","71",Vesey St & Church St,-74.0104722976685,40.7122195800905,"3","1",Manhattan,359299.096471,636471539.774
"4650","71",Broad St & Water St,-74.0114935487509,40.7029378240917,"3","1",Manhattan,359299.096471,636471539.774
"4651","71",8 Ave & W 49 St,-73.9865510165691,40.7617122791067,"3","1",Manhattan,359299.096471,636471539.774
"4660","71",Water St & Gouverneur Ln,-74.0080341696739,40.7046966789497,"3","1",Manhattan,359299.096471,636471539.774
"4675","71",E 40 St & Park Ave,-73.978326,40.750756,"3","1",Manhattan,359299.096471,636471539.774
"4676","71",E 41 St & Madison Ave (SE corner),-73.979635,40.752049,"3","1",Manhattan,359299.096471,636471539.774
"4678","71",Riverside Dr & Broadway,-73.92791,40.865364,"3","1",Manhattan,359299.096471,636471539.774
"4681","71",E 92 St & Park Ave,-73.95416,40.78385,"3","1",Manhattan,359299.096471,636471539.774
"4682","71","W 34 St &	Hudson Blvd E",-74.0005990862846,40.7551671907214,"3","1",Manhattan,359299.096471,636471539.774
"4683","71",Broadway & W 61 St,-73.9819684624672,40.7700301025504,"3","1",Manhattan,359299.096471,636471539.774
"4687","71",W 48 St &  Rockefeller Plaza,-73.9792943000793,40.7577693544831,"3","1",Manhattan,359299.096471,636471539.774
"4688","71",Whitehall St & Bridge St,-74.0131813287735,40.7036617052414,"3","1",Manhattan,359299.096471,636471539.774
"4689","71",Broadway & Morris St,-74.0132188796997,40.7059451327088,"3","1",Manhattan,359299.096471,636471539.774
"4690","71",Greenwich St & Rector St,-74.0135595202446,40.7080658238065,"3","1",Manhattan,359299.096471,636471539.774
"4691","71",Washington St & Laight St,-74.0106,40.72231,"3","1",Manhattan,359299.096471,636471539.774
"4692","71",Hudson St & N Moore St,-74.0086269378662,40.7198879979813,"3","1",Manhattan,359299.096471,636471539.774
"4693","71",7 Ave S & Bleecker St,-74.0036380290985,40.7321389628738,"3","1",Manhattan,359299.096471,636471539.774
"4694","71",South St & Pike St,-73.9916110038757,40.7099180692153,"3","1",Manhattan,359299.096471,636471539.774
"4695","71",Orchard St & Grand St,-73.9906775951385,40.7173184038558,"3","1",Manhattan,359299.096471,636471539.774
"4696","71",E Houston St & Columbia St,-73.9787162840366,40.7197863545282,"3","1",Manhattan,359299.096471,636471539.774
"4697","71",E 6 St & 2 Ave,-73.988408446312,40.7273786932322,"3","1",Manhattan,359299.096471,636471539.774
"4698","71",E 4 St & Ave B,-73.9826591312885,40.7233468321802,"3","1",Manhattan,359299.096471,636471539.774
"4699","71",E 7 St & Ave B,-73.9813166856766,40.7251285241158,"3","1",Manhattan,359299.096471,636471539.774
"4700","71",E 7 St & Ave C,-73.9790126681328,40.7241294409009,"3","1",Manhattan,359299.096471,636471539.774
"4701","71",Ave A & E 11 St,-73.981759250164,40.7285474502394,"3","1",Manhattan,359299.096471,636471539.774
"4702","71",Ave A & E 14 St,-73.9804717898369,40.730310710009,"3","1",Manhattan,359299.096471,636471539.774
"4703","71",E 14 St & 1 Ave,-73.9828670024872,40.7313930336415,"3","1",Manhattan,359299.096471,636471539.774
"4704","71",E 5 St & Ave A,-73.9843006432056,40.7247900774634,"3","1",Manhattan,359299.096471,636471539.774
"4705","71",E 10 St & 2 Ave,-73.9865979552269,40.7297080564499,"3","1",Manhattan,359299.096471,636471539.774
"4706","71",Rutgers St & Henry St,-73.9900968968868,40.7133215120819,"3","1",Manhattan,359299.096471,636471539.774
"4708","71",Kenmare St & Elizabeth St,-73.9949,40.72054,"3","1",Manhattan,359299.096471,636471539.774
"4709","71",Greene St & Prince St,-73.999304920435,40.7251173442239,"3","1",Manhattan,359299.096471,636471539.774
"4710","71",Water St &  Fletcher St,-74.0055973827839,40.7064107552361,"3","1",Manhattan,359299.096471,636471539.774
"4711","71",W 12 St & Hudson St,-74.0055893361568,40.7375299330107,"3","1",Manhattan,359299.096471,636471539.774
"4712","71",W 56 St & 8 Ave,-73.9831352233887,40.765959181658,"3","1",Manhattan,359299.096471,636471539.774
"4713","71",W 30 St & 8 Ave,-73.9952078461647,40.7496526847285,"3","1",Manhattan,359299.096471,636471539.774
"4714","71",West Broadway & Watts St,-74.00314,40.72323,"3","1",Manhattan,359299.096471,636471539.774
"4715","71",6 Ave & Walker St,-74.0052238852195,40.7197920901383,"3","1",Manhattan,359299.096471,636471539.774
"4723","71",Hudson Blvd E & W 36 St,-73.999511450611,40.7563062893807,"3","1",Manhattan,359299.096471,636471539.774
"4724","71",E 20 St & FDR Dr,-73.9756813647,40.7332086265224,"3","1",Manhattan,359299.096471,636471539.774
"4725","71",E 22 St & 2 Ave,-73.9812254905701,40.7371691936988,"3","1",Manhattan,359299.096471,636471539.774
"4726","71",E 26 St & 3 Ave,-73.9816063642502,40.7406931773304,"3","1",Manhattan,359299.096471,636471539.774
"4733","71",River Ter & Warren St,-74.0158796310425,40.71759894981,"3","1",Manhattan,359299.096471,636471539.774
"4736","71",W 35 St & 8 Ave,-73.9928045870511,40.752762088742,"3","1",Manhattan,359299.096471,636471539.774
"4737","71",Walker St & Baxter St,-73.999573,40.717411,"3","1",Manhattan,359299.096471,636471539.774
"4738","71",E 106 St & 2 Ave,-73.941957950592,40.790586067792,"3","1",Manhattan,359299.096471,636471539.774
"4743","71",Audubon Ave & W 192 St,-73.9270824193954,40.8558903060389,"3","1",Manhattan,359299.096471,636471539.774
"4746","71",W 111 St & 5 Ave,-73.9489397406578,40.7975207812476,"3","1",Manhattan,359299.096471,636471539.774
