direction_id,route_id,stop_sequence,stop_name,stop_lat,stop_lon,precinct,ADA,ADA Notes,express,stop_id
0,M57,1,W 72 ST/BROADWAY,40.779127,-73.982766,20.0,1,,False,0
0,M57,2,WEST END AV/W 72 ST,40.779534,-73.98481,20.0,1,,False,1
0,M57,3,WEST END AV/W 69 ST,40.777468,-73.986337,20.0,1,,False,2
0,M57,4,WEST END AV/W 66 ST,40.77618,-73.987276,20.0,1,,False,3
0,M57,5,WEST END AV/W 64 ST,40.77449,-73.98841,20.0,1,,False,4
0,M57,6,WEST END AV/W 61 ST,40.772991,-73.989602,20.0,1,,False,5
0,M72,3,WEST END AV/WEST 70 ST,40.778725,-73.985135,20.0,1,,False,6
0,M72,4,W 72 ST/WEST END AV,40.779553,-73.984116,20.0,1,,False,7
0,M72,1,WEST 66 ST/FREEDOM PL,40.7765,-73.988634,20.0,1,,False,8
0,M72,2,W 70 ST/FREEDOM PL,40.778911,-73.986687,20.0,1,,False,9
0,M72,5,W 72 ST/BROADWAY,40.778765,-73.982161,20.0,1,,False,10
0,M72,6,W 72 ST/COLUMBUS AV,40.777403,-73.979019,20.0,1,,False,11
0,M72,7,W 72 ST/CENTRAL PK W,40.776206,-73.976177,20.0,1,,False,12
0,M72,8,CENTRAL PK W/W 70 ST,40.774837,-73.97716,20.0,1,,False,13
0,M72,9,CENTRAL PK W/W 68 ST,40.773569,-73.978045,20.0,1,,False,14
0,M5,19,W 72 ST/BROADWAY,40.779127,-73.982766,20.0,1,,False,15
0,M5,15,BROADWAY/W 61 ST,40.769517,-73.981883,20.0,1,,False,16
0,M5,16,BROADWAY/W 63 ST,40.77186,-73.981984,20.0,1,,False,17
0,M5,17,BROADWAY/W 66 ST,40.774269,-73.982027,20.0,1,,False,18
0,M5,18,BROADWAY/W 69 ST,40.776682,-73.981922,20.0,1,,False,19
0,M5,20,W 72 ST/WEST END AV,40.780124,-73.984968,20.0,1,,False,20
0,M5,21,RIVERSIDE DR/W 74 ST,40.78204,-73.98487,20.0,1,,False,21
0,M5,22,RIVERSIDE DR/W 77 ST,40.783989,-73.983566,20.0,1,,False,22
0,M5,23,RIVERSIDE DR/W 79 ST,40.785215,-73.982281,20.0,1,,False,23
0,M5,24,RIVERSIDE DR/W 82 ST,40.787205,-73.98111,20.0,1,,False,24
0,M5,25,RIVERSIDE DR/W 85 ST,40.789293,-73.98076,20.0,1,,False,25
0,M20,39,W 66 ST/CENTRAL PK W,40.772619,-73.979118,20.0,1,,False,26
0,M20,40,W 66 ST/COLUMBUS AV,40.773578,-73.981381,20.0,1,,False,27
0,M20,41,BROADWAY/W 64 ST,40.771797,-73.982364,20.0,1,,False,28
0,M7,28,AMSTERDAM AV/W 79 ST,40.78328,-73.978085,20.0,1,,False,29
0,M7,21,BROADWAY/W 61 ST,40.769517,-73.981883,20.0,1,,False,30
0,M7,22,BROADWAY/W 63 ST,40.77186,-73.981984,20.0,1,,False,31
0,M7,23,BROADWAY/W 66 ST,40.774269,-73.982027,20.0,1,,False,32
0,M7,24,BROADWAY/W 69 ST,40.776682,-73.981922,20.0,1,,False,33
0,M7,25,AMSTERDAM AV/W 72 ST,40.778924,-73.981271,20.0,1,,False,34
0,M7,26,AMSTERDAM AV/W 75 ST,40.780222,-73.980314,20.0,1,,False,35
0,M7,27,AMSTERDAM AV/W 77 ST,40.782056,-73.978988,20.0,1,,False,36
0,M7,29,AMSTERDAM AV/W 81 ST,40.784688,-73.97707,20.0,1,,False,37
0,M7,30,AMSTERDAM AV/W 83 ST,40.785955,-73.976152,20.0,1,,False,38
0,M11,30,AMSTERDAM AV/W 79 ST,40.78328,-73.978085,20.0,1,,False,39
0,M11,22,AMSTERDAM AV/W 59 ST,40.770631,-73.987328,20.0,1,,False,40
0,M11,23,AMSTERDAM AV/W 62 ST,40.772642,-73.985836,20.0,1,,False,41
0,M11,24,AMSTERDAM AV/W 65 ST,40.774341,-73.984619,20.0,1,,False,42
0,M11,25,AMSTERDAM AV/W 67 ST,40.775639,-73.98367,20.0,1,,False,43
0,M11,26,AMSTERDAM AV/W 69 ST,40.776913,-73.982741,20.0,1,,False,44
0,M11,27,AMSTERDAM AV/W 72 ST,40.778924,-73.981271,20.0,1,,False,45
0,M11,28,AMSTERDAM AV/W 75 ST,40.780222,-73.980314,20.0,1,,False,46
0,M11,29,AMSTERDAM AV/W 77 ST,40.782056,-73.978988,20.0,1,,False,47
0,M11,31,AMSTERDAM AV/W 81 ST,40.784688,-73.97707,20.0,1,,False,48
0,M11,32,AMSTERDAM AV/W 83 ST,40.785955,-73.976152,20.0,1,,False,49
0,M104,8,BROADWAY/W 61 ST,40.769517,-73.981883,20.0,1,,False,50
0,M104,9,BROADWAY/W 63 ST,40.77186,-73.981984,20.0,1,,False,51
0,M104,10,BROADWAY/W 66 ST,40.774269,-73.982027,20.0,1,,False,52
0,M104,11,BROADWAY/W 69 ST,40.776682,-73.981922,20.0,1,,False,53
0,M104,12,BROADWAY/W 73 ST,40.779589,-73.981517,20.0,1,,False,54
0,M104,13,BROADWAY/W 75 ST,40.781301,-73.981021,20.0,1,,False,55
0,M104,14,BROADWAY/W 77 ST,40.782726,-73.980497,20.0,1,,False,56
0,M104,15,BROADWAY/W 79 ST,40.784084,-73.979583,20.0,1,,False,57
0,M104,16,BROADWAY/W 82 ST,40.785994,-73.978167,20.0,1,,False,58
0,M104,17,BROADWAY/W 84 ST,40.787215,-73.977214,20.0,1,,False,59
0,M66,1,W 66 ST/WEST END AV,40.776008,-73.98702,20.0,1,,False,60
0,M66,2,W 65 ST/WEST END AV,40.775118,-73.98728,20.0,1,,False,61
0,M66,3,W 65 ST/AMSTERDAM AV,40.773871,-73.984293,20.0,1,,False,62
0,M66,4,W 65 ST/BROADWAY,40.773177,-73.982788,20.0,1,,False,63
0,M66,5,W 65 ST/COLUMBUS AV,40.772835,-73.981874,20.0,1,,False,64
0,M66,6,W 65 ST/CENTRAL PK W,40.77181,-73.979385,20.0,1,,False,65
0,M79+,1,W 79 ST/RIVERSIDE DR,40.784776,-73.982324,20.0,1,,True,66
0,M79+,2,W 79 ST/BROADWAY,40.783867,-73.980284,20.0,1,,True,67
0,M79+,3,AMSTERDAM AV/W 79 ST,40.78328,-73.978085,20.0,1,,True,68
0,M79+,4,W 81 ST/COLUMBUS AV,40.78298,-73.974189,20.0,1,,True,69
0,M79+,5,W 81 ST/CENTRAL PK W,40.782008,-73.971925,20.0,1,,True,70
0,M86+,1,W 86 ST/WEST END AV,40.788815,-73.977726,20.0,1,,True,71
0,M86+,2,W 86 ST/BROADWAY,40.788358,-73.97679,20.0,1,,True,72
0,M86+,3,W 86 ST/AMSTERDAM AV,40.78775,-73.975401,20.0,1,,True,73
0,M86+,4,W 86 ST/COLUMBUS AV,40.786476,-73.972389,20.0,1,,True,74
0,M86+,5,W 86 ST/CENTRAL PK W,40.785289,-73.969373,20.0,1,,True,75
0,M57,7,WEST END AV/W 59 ST,40.77141,-73.990797,18.0,1,,False,76
0,M57,8,W 57 ST/11 AV,40.77023,-73.991334,18.0,1,,False,77
0,M57,9,W 57 ST/10 AV,40.768866,-73.988149,18.0,1,,False,78
0,M57,10,W 57 ST/9 AV,40.767697,-73.98534,18.0,1,,False,79
0,M57,11,W 57 ST/8 AV,40.766592,-73.982719,18.0,1,,False,80
0,M57,12,W 57 ST/7 AV,40.765563,-73.980322,18.0,1,,False,81
0,M57,13,W 57 ST/AV OF THE AMERICAS,40.764061,-73.976728,18.0,1,,False,82
0,M57,14,W 57 ST/5 AV,40.763031,-73.974302,18.0,1,,False,83
0,M57,15,E 57 ST/MADISON AV,40.762047,-73.971943,18.0,1,,False,84
0,M12,17,W 57 ST/11 AV,40.77023,-73.991334,18.0,1,,False,85
0,M12,18,W 57 ST/10 AV,40.768866,-73.988149,18.0,1,,False,86
0,M12,19,W 57 ST/9 AV,40.767697,-73.98534,18.0,1,,False,87
0,M12,12,12 AV/W 43 ST,40.762552,-74.000157,18.0,1,,False,88
0,M12,13,12 AV/W 46 ST,40.764287,-73.998337,18.0,1,,False,89
0,M12,14,12 AV/W 48 ST,40.765583,-73.997431,18.0,1,,False,90
0,M12,15,12 AV/W 52 ST,40.768082,-73.995597,18.0,1,,False,91
0,M12,16,12 AV/W 55 ST,40.769942,-73.994246,18.0,1,,False,92
0,M12,20,8 AV/W  57 ST,40.76674,-73.982683,18.0,1,,False,93
0,M12,21,W 58 ST/BROADWAY,40.767155,-73.981981,18.0,1,,False,94
0,M31,3,W 57 ST/10 AV,40.768866,-73.988149,18.0,1,,False,95
0,M31,4,W 57 ST/9 AV,40.767697,-73.98534,18.0,1,,False,96
0,M31,6,W 57 ST/7 AV,40.765563,-73.980322,18.0,1,,False,97
0,M31,7,W 57 ST/AV OF THE AMERICAS,40.764061,-73.976728,18.0,1,,False,98
0,M31,8,W 57 ST/5 AV,40.763031,-73.974302,18.0,1,,False,99
0,M31,9,E 57 ST/MADISON AV,40.762047,-73.971943,18.0,1,,False,100
0,M31,2,10 AV/W 55 ST,40.768029,-73.989275,18.0,1,,False,101
0,M31,1,W 54 ST/11 AV,40.767925,-73.991859,18.0,1,,False,102
0,M31,5,W 57 ST/8 AV,40.766495,-73.982489,18.0,1,,False,103
0,M5,6,AV OF THE AMERICAS/W 45 ST,40.75703,-73.982378,18.0,1,,False,104
0,M5,7,AV OF THE AMERICAS/W 47 ST,40.75829,-73.981468,18.0,1,,False,105
0,M5,8,AV OF THE AMERICAS/W 50 ST,40.759771,-73.980381,18.0,1,,False,106
0,M5,9,AV OF THE AMERICAS/W 51 ST,40.760748,-73.97967,18.0,1,,False,107
0,M5,10,AV OF THE AMERICAS/W 54 ST,40.762617,-73.978301,18.0,1,,False,108
0,M5,11,AV OF THE AMERICAS/W 57 ST,40.764401,-73.977001,18.0,1,,False,109
0,M20,32,8 AV/W 46 ST,40.759796,-73.987859,18.0,1,,False,110
0,M20,33,8 AV/W 49 ST,40.761902,-73.986239,18.0,1,,False,111
0,M20,34,8 AV/W 52 ST,40.763788,-73.984867,18.0,1,,False,112
0,M20,35,8 AV/W  56 ST,40.766284,-73.983072,18.0,1,,False,113
0,M2,16,MADISON AV/E 49 ST,40.757755,-73.975576,18.0,1,,False,114
0,M2,19,MADISON AV/E 57 ST,40.762858,-73.971838,18.0,1,,False,115
0,M2,15,MADISON AV/E 45 ST,40.755233,-73.977403,18.0,1,,False,116
0,M2,17,MADISON AV/E 52 ST,40.759636,-73.974182,18.0,1,,False,117
0,M2,18,MADISON AV/E 55  ST,40.76114,-73.973144,18.0,1,,False,118
0,M1,21,MADISON AV/E 49 ST,40.757755,-73.975576,18.0,1,,False,119
0,M1,24,MADISON AV/E 57 ST,40.762858,-73.971838,18.0,1,,False,120
0,M1,20,MADISON AV/E 45 ST,40.755233,-73.977403,18.0,1,,False,121
0,M1,22,MADISON AV/E 52 ST,40.759636,-73.974182,18.0,1,,False,122
0,M1,23,MADISON AV/E 55  ST,40.76114,-73.973144,18.0,1,,False,123
0,M3,16,MADISON AV/E 49 ST,40.757755,-73.975576,18.0,1,,False,124
0,M3,19,MADISON AV/E 57 ST,40.762858,-73.971838,18.0,1,,False,125
0,M3,15,MADISON AV/E 45 ST,40.755233,-73.977403,18.0,1,,False,126
0,M3,17,MADISON AV/E 52 ST,40.759636,-73.974182,18.0,1,,False,127
0,M3,18,MADISON AV/E 55  ST,40.76114,-73.973144,18.0,1,,False,128
0,M7,12,AV OF THE AMERICAS/W 45 ST,40.75703,-73.982378,18.0,1,,False,129
0,M7,13,AV OF THE AMERICAS/W 47 ST,40.75829,-73.981468,18.0,1,,False,130
0,M7,14,AV OF THE AMERICAS/W 50 ST,40.759771,-73.980381,18.0,1,,False,131
0,M7,15,AV OF THE AMERICAS/W 51 ST,40.760748,-73.97967,18.0,1,,False,132
0,M7,16,AV OF THE AMERICAS/W 54 ST,40.762617,-73.978301,18.0,1,,False,133
0,M7,17,AV OF THE AMERICAS/W 57 ST,40.764401,-73.977001,18.0,1,,False,134
0,M11,16,10 AV/W 45 ST,40.761749,-73.993798,18.0,1,,False,135
0,M11,17,10 AV/W 47 ST,40.763025,-73.992874,18.0,1,,False,136
0,M11,18,10 AV/W 49 ST,40.764272,-73.991957,18.0,1,,False,137
0,M11,19,10 AV/W 53 ST,40.766418,-73.990397,18.0,1,,False,138
0,M11,20,10 AV/W 55 ST,40.768029,-73.989275,18.0,1,,False,139
0,M11,21,10 AV/W 57 ST,40.768926,-73.988563,18.0,1,,False,140
0,M10,1,8 AV/W  57 ST,40.76674,-73.982683,18.0,1,,False,141
0,M104,3,8 AV/W 46 ST,40.759796,-73.987859,18.0,1,,False,142
0,M104,4,8 AV/W 49 ST,40.761902,-73.986239,18.0,1,,False,143
0,M104,5,8 AV/W 52 ST,40.763788,-73.984867,18.0,1,,False,144
0,M104,6,8 AV/W  56 ST,40.766284,-73.983072,18.0,1,,False,145
0,M4,7,MADISON AV/E 49 ST,40.757755,-73.975576,18.0,1,,False,146
0,M4,10,MADISON AV/E 57 ST,40.762858,-73.971838,18.0,1,,False,147
0,M4,6,MADISON AV/E 45 ST,40.755233,-73.977403,18.0,1,,False,148
0,M4,8,MADISON AV/E 52 ST,40.759636,-73.974182,18.0,1,,False,149
0,M4,9,MADISON AV/E 55  ST,40.76114,-73.973144,18.0,1,,False,150
0,M50,2,12 AV/W 43 ST,40.762552,-74.000157,18.0,1,,False,151
0,M50,3,12 AV/W 46 ST,40.764287,-73.998337,18.0,1,,False,152
0,M50,4,12 AV/W 48 ST,40.765583,-73.997431,18.0,1,,False,153
0,M50,5,W 50 ST/12 AV,40.766621,-73.996653,18.0,1,,False,154
0,M50,6,W 50 ST/11 AV,40.765735,-73.994534,18.0,1,,False,155
0,M50,7,W 50 ST/10 AV,40.764502,-73.991704,18.0,1,,False,156
0,M50,8,W 50 ST/9 AV,40.763468,-73.989101,18.0,1,,False,157
0,M50,9,W 50 ST/8 AV,40.762023,-73.985792,18.0,1,,False,158
0,M50,10,W 50 ST/7 AV,40.761062,-73.983503,18.0,1,,False,159
0,M50,11,W 50 ST/AV OF THE AMERICAS,40.759675,-73.980215,18.0,1,,False,160
0,M50,12,E 50 ST/5 AV,40.758431,-73.977104,18.0,1,,False,161
0,M50,13,E 50 ST/MADISON AV,40.757723,-73.975397,18.0,1,,False,162
0,M57,16,E 57 ST/LEXINGTON AV,40.760727,-73.968725,17.0,1,,False,163
0,M57,17,E 57 ST/3 AV,40.75991,-73.966804,17.0,1,,False,164
0,M57,18,E 57 ST/2 AV,40.759086,-73.96486,17.0,1,,False,165
0,M57,19,1 AV/E 57 ST,40.758829,-73.962462,17.0,1,,False,166
0,M31,10,E 57 ST/LEXINGTON AV,40.760727,-73.968725,17.0,1,,False,167
0,M31,11,E 57 ST/3 AV,40.75991,-73.966804,17.0,1,,False,168
0,M31,12,E 57 ST/2 AV,40.759086,-73.96486,17.0,1,,False,169
0,M31,13,E 57 ST/1 AV,40.758095,-73.962478,17.0,1,,False,170
0,M31,14,E 57 ST/SUTTON PL,40.757658,-73.961488,17.0,1,,False,171
0,M31,15,SUTTON PL/SUTTON SQ,40.75826,-73.959957,17.0,1,,False,172
0,M15+,13,1 AV/E 57 ST,40.758829,-73.962462,17.0,1,,True,173
0,M15+,10,1 AV/E 34 ST,40.744172,-73.973187,17.0,1,,True,174
0,M15+,11,1 AV/E 42 ST,40.749251,-73.969332,17.0,1,,True,175
0,M15+,12,1 AV/MITCHELL PL,40.753591,-73.966311,17.0,1,,True,176
0,M15,35,1 AV/E 57 ST,40.758829,-73.962462,17.0,1,,False,177
0,M15,27,1 AV/E 34 ST,40.744172,-73.973187,17.0,1,,False,178
0,M15,30,1 AV/E 42 ST,40.749251,-73.969332,17.0,1,,False,179
0,M15,32,1 AV/MITCHELL PL,40.753591,-73.966311,17.0,1,,False,180
0,M15,26,1 AV/E 31 ST,40.741957,-73.974808,17.0,1,,False,181
0,M15,28,1 AV/E 36 ST,40.745324,-73.972349,17.0,1,,False,182
0,M15,29,1 AV/E 39 ST,40.747191,-73.970988,17.0,1,,False,183
0,M15,31,1 AV/E 45 ST,40.750684,-73.96846,17.0,1,,False,184
0,M15,33,1 AV/E 52 ST,40.755395,-73.964983,17.0,1,,False,185
0,M15,34,1 AV/E 55 ST,40.75726,-73.963631,17.0,1,,False,186
0,M2,11,MADISON AV/E 34 ST,40.748328,-73.982437,17.0,1,,False,187
0,M2,12,MADISON AV/E 37 ST,40.750124,-73.981081,17.0,1,,False,188
0,M1,16,MADISON AV/E 34 ST,40.748328,-73.982437,17.0,1,,False,189
0,M1,17,MADISON AV/E 37 ST,40.750124,-73.981081,17.0,1,,False,190
0,M3,11,MADISON AV/E 34 ST,40.748328,-73.982437,17.0,1,,False,191
0,M3,12,MADISON AV/E 37 ST,40.750124,-73.981081,17.0,1,,False,192
0,M34+,10,E 34 ST/3 AV,40.745446,-73.977711,17.0,1,,True,193
0,M34+,11,E 34 ST/2 AV,40.744771,-73.976091,17.0,1,,True,194
0,M34A+,9,E 34 ST/3 AV,40.745446,-73.977711,17.0,1,,True,195
0,M34A+,10,E 34 ST/2 AV,40.744771,-73.976091,17.0,1,,True,196
0,M103,19,3 AV/E 31 ST,40.743707,-73.979544,17.0,1,,False,197
0,M103,20,3 AV/E 33 ST,40.745188,-73.978434,17.0,1,,False,198
0,M103,21,3 AV/E 37 ST,40.747988,-73.97637,17.0,1,,False,199
0,M103,22,3 AV/E 39 ST,40.749176,-73.975519,17.0,1,,False,200
0,M103,23,3 AV/E 42 ST,40.751085,-73.974122,17.0,1,,False,201
0,M103,24,3 AV/E 45 ST,40.752407,-73.973161,17.0,1,,False,202
0,M103,25,3 AV/E 47 ST,40.754234,-73.97185,17.0,1,,False,203
0,M103,26,3 AV/E 50 ST,40.755505,-73.970922,17.0,1,,False,204
0,M103,27,3 AV/E 53 ST,40.757751,-73.969235,17.0,1,,False,205
0,M103,28,3 AV/E 57 ST,40.76014,-73.967523,17.0,1,,False,206
0,M4,2,MADISON AV/E 34 ST,40.748328,-73.982437,17.0,1,,False,207
0,M4,3,MADISON AV/E 37 ST,40.750124,-73.981081,17.0,1,,False,208
0,M42,13,E 42 ST/LEXINGTON AV,40.751149,-73.975605,17.0,1,,False,209
0,M42,14,E 42 ST/3 AV,40.750775,-73.974499,17.0,1,,False,210
0,M42,15,E 42 ST/2 AV,40.749581,-73.971881,17.0,1,,False,211
0,M42,16,E 42 ST/1 AV,40.748582,-73.969655,17.0,1,,False,212
0,M42,17,E 41 ST/1 AV,40.747979,-73.969789,17.0,1,,False,213
0,M50,14,E 50 ST/LEXINGTON AV,40.756243,-73.972135,17.0,1,,False,214
0,M50,15,E 50 ST/3 AV,40.755545,-73.970482,17.0,1,,False,215
0,M50,16,E 50 ST/2 AV,40.754881,-73.9688,17.0,1,,False,216
0,M50,17,49 ST/1 AV,40.753385,-73.966854,17.0,1,,False,217
0,M101,10,3 AV/E 31 ST,40.743707,-73.979544,17.0,1,,False,218
0,M101,11,3 AV/E 33 ST,40.745188,-73.978434,17.0,1,,False,219
0,M101,12,3 AV/E 37 ST,40.747988,-73.97637,17.0,1,,False,220
0,M101,13,3 AV/E 39 ST,40.749176,-73.975519,17.0,1,,False,221
0,M101,14,3 AV/E 42 ST,40.751085,-73.974122,17.0,1,,False,222
0,M101,15,3 AV/E 45 ST,40.752407,-73.973161,17.0,1,,False,223
0,M101,16,3 AV/E 47 ST,40.754234,-73.97185,17.0,1,,False,224
0,M101,17,3 AV/E 50 ST,40.755505,-73.970922,17.0,1,,False,225
0,M101,18,3 AV/E 53 ST,40.757751,-73.969235,17.0,1,,False,226
0,M101,19,3 AV/E 57 ST,40.76014,-73.967523,17.0,1,,False,227
0,M102,10,3 AV/E 31 ST,40.743707,-73.979544,17.0,1,,False,228
0,M102,11,3 AV/E 33 ST,40.745188,-73.978434,17.0,1,,False,229
0,M102,12,3 AV/E 37 ST,40.747988,-73.97637,17.0,1,,False,230
0,M102,13,3 AV/E 39 ST,40.749176,-73.975519,17.0,1,,False,231
0,M102,14,3 AV/E 42 ST,40.751085,-73.974122,17.0,1,,False,232
0,M102,15,3 AV/E 45 ST,40.752407,-73.973161,17.0,1,,False,233
0,M102,16,3 AV/E 47 ST,40.754234,-73.97185,17.0,1,,False,234
0,M102,17,3 AV/E 50 ST,40.755505,-73.970922,17.0,1,,False,235
0,M102,18,3 AV/E 53 ST,40.757751,-73.969235,17.0,1,,False,236
0,M102,19,3 AV/E 57 ST,40.76014,-73.967523,17.0,1,,False,237
0,M57,20,1 AV/E 60 ST,40.759751,-73.961795,19.0,1,,False,238
0,M57,21,E 60 ST/YORK AV,40.759519,-73.959889,19.0,1,,False,239
0,M31,23,YORK AV/E 79 ST,40.77158,-73.950235,19.0,1,,False,240
0,M31,26,YORK AV/E 86 ST,40.776343,-73.946753,19.0,1,,False,241
0,M31,27,YORK AV/E 88 ST,40.777473,-73.94591,19.0,1,,False,242
0,M31,28,E 91 ST/YORK AV,40.779214,-73.944942,19.0,1,,False,243
0,M31,29,1 AV/E 91 ST,40.780248,-73.946809,19.0,1,,False,244
0,M31,16,YORK AV/E 60 ST,40.759558,-73.958987,19.0,1,,False,245
0,M31,17,YORK AV/E 63 ST,40.761483,-73.95757,19.0,1,,False,246
0,M31,18,YORK AV/E 66 ST,40.763333,-73.95624,19.0,1,,False,247
0,M31,19,YORK AV/E 69 ST,40.764813,-73.955165,19.0,1,,False,248
0,M31,20,YORK AV/E 72 ST,40.767166,-73.95344,19.0,1,,False,249
0,M31,21,YORK AV/E 74 ST,40.768271,-73.952657,19.0,1,,False,250
0,M31,22,YORK AV/E 76 ST,40.769679,-73.951606,19.0,1,,False,251
0,M31,24,YORK AV/E 82 ST,40.773596,-73.948771,19.0,1,,False,252
0,M31,25,YORK AV/E 84 ST,40.774863,-73.947842,19.0,1,,False,253
0,M31,30,EAST 92 ST/YORK AV,40.779873,-73.944774,19.0,1,,False,254
0,M72,10,E 65 ST/5 AV,40.767811,-73.969931,19.0,1,,False,255
0,M72,11,MADISON AV/E 65 ST,40.76758,-73.968375,19.0,1,,False,256
0,M72,12,MADISON AV/E 67 ST,40.768789,-73.967515,19.0,1,,False,257
0,M72,13,MADISON AV/E 69 ST,40.770075,-73.966558,19.0,1,,False,258
0,M72,14,E 72 ST/MADISON AV,40.771502,-73.964994,19.0,1,,False,259
0,M72,15,E 72 ST/LEXINGTON AV,40.770268,-73.962107,19.0,1,,False,260
0,M72,16,E 72 ST/3 AV,40.769518,-73.960284,19.0,1,,False,261
0,M72,17,E 72 ST/2 AV,40.768711,-73.958282,19.0,1,,False,262
0,M72,18,E 72 ST/1 AV,40.767672,-73.955852,19.0,1,,False,263
0,M72,19,E 72 ST/YORK AV,40.766958,-73.954141,19.0,1,,False,264
0,M15+,14,1 AV/E 67 ST,40.76487,-73.958109,19.0,1,,True,265
0,M15+,15,1 AV/E 79 ST,40.772633,-73.952403,19.0,1,,True,266
0,M15+,16,1 AV/E 86 ST,40.777168,-73.94911,19.0,1,,True,267
0,M15,36,1 AV/E 60 ST,40.759751,-73.961795,19.0,1,,False,268
0,M15,39,1 AV/E 67 ST,40.76487,-73.958109,19.0,1,,False,269
0,M15,44,1 AV/E 79 ST,40.772633,-73.952403,19.0,1,,False,270
0,M15,46,1 AV/E 86 ST,40.777168,-73.94911,19.0,1,,False,271
0,M15,37,1 AV/E 62 ST,40.761632,-73.960457,19.0,1,,False,272
0,M15,38,1 AV/E 64 ST,40.762984,-73.959485,19.0,1,,False,273
0,M15,40,1 AV/E 70 ST,40.766741,-73.956738,19.0,1,,False,274
0,M15,41,1 AV/E 72 ST,40.768087,-73.955742,19.0,1,,False,275
0,M15,42,1 AV/E 75 ST,40.769986,-73.95435,19.0,1,,False,276
0,M15,43,1 AV/E 77 ST,40.771254,-73.953421,19.0,1,,False,277
0,M15,45,1 AV/E 82 ST,40.774585,-73.950985,19.0,1,,False,278
0,M15,47,1 AV/E 89 ST,40.779039,-73.947728,19.0,1,,False,279
0,M15,48,1 AV/E 93 ST,40.781562,-73.945891,19.0,1,,False,280
0,M2,24,MADISON AV/E 69 ST,40.770075,-73.966558,19.0,1,,False,281
0,M2,23,MADISON AV/E 67 ST,40.768812,-73.967483,19.0,1,,False,282
0,M2,25,MADISON AV/E 72 ST,40.771802,-73.965308,19.0,1,,False,283
0,M2,28,MADISON AV/E 81 ST,40.777452,-73.961191,19.0,1,,False,284
0,M2,30,MADISON AV/E 86 ST,40.781155,-73.958483,19.0,1,,False,285
0,M2,34,MADISON AV/E 95 ST,40.78708,-73.954126,19.0,1,,False,286
0,M2,20,MADISON AV/E 60  ST,40.764673,-73.970473,19.0,1,,False,287
0,M2,21,MADISON AV/E 63 ST,40.766274,-73.969329,19.0,1,,False,288
0,M2,22,MADISON AV/E 66 ST,40.767836,-73.968184,19.0,1,,False,289
0,M2,26,MADISON AV/E 74 ST,40.772774,-73.96461,19.0,1,,False,290
0,M2,27,MADISON AV/E 77 ST,40.775322,-73.962739,19.0,1,,False,291
0,M2,29,MADISON AV/E 83 ST,40.778793,-73.960206,19.0,1,,False,292
0,M2,31,MADISON AV/E 89 ST,40.782676,-73.957373,19.0,1,,False,293
0,M2,32,MADISON AV/E 91 ST,40.78436,-73.956137,19.0,1,,False,294
0,M2,33,MADISON AV/E 93 ST,40.785636,-73.955205,19.0,1,,False,295
0,M1,29,MADISON AV/E 69 ST,40.770075,-73.966558,19.0,1,,False,296
0,M1,28,MADISON AV/E 67 ST,40.768812,-73.967483,19.0,1,,False,297
0,M1,30,MADISON AV/E 72 ST,40.771802,-73.965308,19.0,1,,False,298
0,M1,33,MADISON AV/E 81 ST,40.777452,-73.961191,19.0,1,,False,299
0,M1,35,MADISON AV/E 86 ST,40.781155,-73.958483,19.0,1,,False,300
0,M1,39,MADISON AV/E 95 ST,40.78708,-73.954126,19.0,1,,False,301
0,M1,25,MADISON AV/E 60  ST,40.764673,-73.970473,19.0,1,,False,302
0,M1,27,MADISON AV/E 66 ST,40.767836,-73.968184,19.0,1,,False,303
0,M1,31,MADISON AV/E 74 ST,40.772774,-73.96461,19.0,1,,False,304
0,M1,32,MADISON AV/E 77 ST,40.775322,-73.962739,19.0,1,,False,305
0,M1,34,MADISON AV/E 83 ST,40.778793,-73.960206,19.0,1,,False,306
0,M1,36,MADISON AV/E 89 ST,40.782676,-73.957373,19.0,1,,False,307
0,M1,37,MADISON AV/E 91 ST,40.78436,-73.956137,19.0,1,,False,308
0,M1,38,MADISON AV/E 93 ST,40.785636,-73.955205,19.0,1,,False,309
0,M1,26,MADISON AV/E 63 ST,40.766452,-73.969245,19.0,1,,False,310
0,M3,24,MADISON AV/E 69 ST,40.770075,-73.966558,19.0,1,,False,311
0,M3,23,MADISON AV/E 67 ST,40.768812,-73.967483,19.0,1,,False,312
0,M3,25,MADISON AV/E 72 ST,40.771802,-73.965308,19.0,1,,False,313
0,M3,28,MADISON AV/E 81 ST,40.777452,-73.961191,19.0,1,,False,314
0,M3,30,MADISON AV/E 86 ST,40.781155,-73.958483,19.0,1,,False,315
0,M3,34,MADISON AV/E 95 ST,40.78708,-73.954126,19.0,1,,False,316
0,M3,20,MADISON AV/E 60  ST,40.764673,-73.970473,19.0,1,,False,317
0,M3,21,MADISON AV/E 63 ST,40.766274,-73.969329,19.0,1,,False,318
0,M3,22,MADISON AV/E 66 ST,40.767836,-73.968184,19.0,1,,False,319
0,M3,26,MADISON AV/E 74 ST,40.772774,-73.96461,19.0,1,,False,320
0,M3,27,MADISON AV/E 77 ST,40.775322,-73.962739,19.0,1,,False,321
0,M3,29,MADISON AV/E 83 ST,40.778793,-73.960206,19.0,1,,False,322
0,M3,31,MADISON AV/E 89 ST,40.782676,-73.957373,19.0,1,,False,323
0,M3,32,MADISON AV/E 91 ST,40.78436,-73.956137,19.0,1,,False,324
0,M3,33,MADISON AV/E 93 ST,40.785636,-73.955205,19.0,1,,False,325
0,M103,32,3 AV/E 67 ST,40.767113,-73.962513,19.0,1,,False,326
0,M103,34,3 AV/E 72 ST,40.770075,-73.960281,19.0,1,,False,327
0,M103,37,3 AV/E 79 ST,40.774605,-73.95697,19.0,1,,False,328
0,M103,39,3 AV/E 86 ST,40.778466,-73.954179,19.0,1,,False,329
0,M103,29,3 AV/E 60 ST,40.762558,-73.965738,19.0,1,,False,330
0,M103,30,3 AV/E 63 ST,40.764143,-73.964582,19.0,1,,False,331
0,M103,31,3 AV/E 65 ST,40.765599,-73.963509,19.0,1,,False,332
0,M103,33,3 AV/E 69 ST,40.768112,-73.961718,19.0,1,,False,333
0,M103,35,3 AV/E 75 ST,40.771857,-73.959001,19.0,1,,False,334
0,M103,36,3 AV/E 77 ST,40.773208,-73.95799,19.0,1,,False,335
0,M103,38,3 AV/E 82 ST,40.776582,-73.955559,19.0,1,,False,336
0,M103,40,3 AV/E 88 ST,40.780478,-73.952701,19.0,1,,False,337
0,M103,41,3 AV/E 91 ST,40.782258,-73.951426,19.0,1,,False,338
0,M103,42,3 AV/E 93 ST,40.783505,-73.950493,19.0,1,,False,339
0,M66,7,E 65 ST/5 AV,40.767811,-73.969931,19.0,1,,False,340
0,M66,8,MADISON AV/E 65 ST,40.76758,-73.968375,19.0,1,,False,341
0,M66,9,E 68 ST/MADISON AV,40.768993,-73.966909,19.0,1,,False,342
0,M66,10,E 68 ST/LEXINGTON AV,40.76765,-73.963704,19.0,1,,False,343
0,M66,11,E 68 ST/3 AV,40.766964,-73.962076,19.0,1,,False,344
0,M66,12,E 68 ST/2 AV,40.766263,-73.96043,19.0,1,,False,345
0,M66,13,E 68 ST/1 AV,40.76503,-73.957496,19.0,1,,False,346
0,M66,14,EAST 68 ST/YORK AV,40.764252,-73.95575,19.0,1,,False,347
0,M79+,7,E 79 ST/5 AV,40.776768,-73.963421,19.0,1,,True,348
0,M79+,8,E 79 ST/MADISON AV,40.77604,-73.961688,19.0,1,,True,349
0,M79+,9,E 79 ST/LEXINGTON AV,40.774947,-73.959139,19.0,1,,True,350
0,M79+,10,E 79 ST/3 AV,40.774263,-73.957413,19.0,1,,True,351
0,M79+,11,E 79 ST/2 AV,40.773093,-73.9547,19.0,1,,True,352
0,M79+,12,E 79 ST/1 AV,40.772051,-73.952224,19.0,1,,True,353
0,M79+,13,YORK AV/E 79 ST,40.77158,-73.950235,19.0,1,,True,354
0,M79+,14,E 80 ST/EAST END AV,40.771092,-73.94777,19.0,1,,True,355
0,M86+,7,E 84 ST/5 AV,40.779814,-73.960631,19.0,1,,True,356
0,M86+,8,E 86 ST/MADISON AV,40.780626,-73.958485,19.0,1,,True,357
0,M86+,9,E 86 ST/LEXINGTON  AV,40.779177,-73.954877,19.0,1,,True,358
0,M86+,10,E 86 ST/3 AV,40.778463,-73.953302,19.0,1,,True,359
0,M86+,11,E 86 ST/2 AV,40.77759,-73.951259,19.0,1,,True,360
0,M86+,12,E 86 ST/1 AV,40.776744,-73.949236,19.0,1,,True,361
0,M86+,13,YORK AV/E 86 ST,40.776343,-73.946753,19.0,1,,True,362
0,M86+,14,YORK AV/E 88 ST,40.777473,-73.94591,19.0,1,,True,363
0,M86+,15,E 91 ST/YORK AV,40.779214,-73.944942,19.0,1,,True,364
0,M86+,16,1 AV/E 91 ST,40.780248,-73.946809,19.0,1,,True,365
0,M4,15,MADISON AV/E 69 ST,40.770075,-73.966558,19.0,1,,False,366
0,M4,14,MADISON AV/E 67 ST,40.768812,-73.967483,19.0,1,,False,367
0,M4,16,MADISON AV/E 72 ST,40.771802,-73.965308,19.0,1,,False,368
0,M4,19,MADISON AV/E 81 ST,40.777452,-73.961191,19.0,1,,False,369
0,M4,21,MADISON AV/E 86 ST,40.781155,-73.958483,19.0,1,,False,370
0,M4,25,MADISON AV/E 95 ST,40.78708,-73.954126,19.0,1,,False,371
0,M4,11,MADISON AV/E 60  ST,40.764673,-73.970473,19.0,1,,False,372
0,M4,12,MADISON AV/E 63 ST,40.766274,-73.969329,19.0,1,,False,373
0,M4,13,MADISON AV/E 66 ST,40.767836,-73.968184,19.0,1,,False,374
0,M4,17,MADISON AV/E 74 ST,40.772774,-73.96461,19.0,1,,False,375
0,M4,18,MADISON AV/E 77 ST,40.775322,-73.962739,19.0,1,,False,376
0,M4,20,MADISON AV/E 83 ST,40.778793,-73.960206,19.0,1,,False,377
0,M4,22,MADISON AV/E 89 ST,40.782676,-73.957373,19.0,1,,False,378
0,M4,23,MADISON AV/E 91 ST,40.78436,-73.956137,19.0,1,,False,379
0,M4,24,MADISON AV/E 93 ST,40.785636,-73.955205,19.0,1,,False,380
0,M101,23,3 AV/E 67 ST,40.767113,-73.962513,19.0,1,,False,381
0,M101,25,3 AV/E 72 ST,40.770075,-73.960281,19.0,1,,False,382
0,M101,28,3 AV/E 79 ST,40.774605,-73.95697,19.0,1,,False,383
0,M101,30,3 AV/E 86 ST,40.778466,-73.954179,19.0,1,,False,384
0,M101,20,3 AV/E 60 ST,40.762558,-73.965738,19.0,1,,False,385
0,M101,21,3 AV/E 63 ST,40.764143,-73.964582,19.0,1,,False,386
0,M101,22,3 AV/E 65 ST,40.765599,-73.963509,19.0,1,,False,387
0,M101,24,3 AV/E 69 ST,40.768112,-73.961718,19.0,1,,False,388
0,M101,26,3 AV/E 75 ST,40.771857,-73.959001,19.0,1,,False,389
0,M101,27,3 AV/E 77 ST,40.773208,-73.95799,19.0,1,,False,390
0,M101,29,3 AV/E 82 ST,40.776582,-73.955559,19.0,1,,False,391
0,M101,31,3 AV/E 88 ST,40.780478,-73.952701,19.0,1,,False,392
0,M101,32,3 AV/E 91 ST,40.782258,-73.951426,19.0,1,,False,393
0,M101,33,3 AV/E 93 ST,40.783505,-73.950493,19.0,1,,False,394
0,M106,6,E 96 ST/5 AV,40.787657,-73.955416,19.0,1,,False,395
0,M96,6,E 96 ST/5 AV,40.787657,-73.955416,19.0,1,,False,396
0,M96,7,E 96 ST/MADISON AV,40.786986,-73.953853,19.0,1,,False,397
0,M96,8,E 96 ST/LEXINGTON AV,40.785852,-73.951207,19.0,1,,False,398
0,M96,9,E 96 ST/3 AV,40.784948,-73.948998,19.0,1,,False,399
0,M96,10,E 96 ST/2 AV,40.784068,-73.946933,19.0,1,,False,400
0,M98,1,3 AV/E 67 ST,40.767113,-73.962513,19.0,1,,False,401
0,M98,2,3 AV/E 72 ST,40.770075,-73.960281,19.0,1,,False,402
0,M98,3,3 AV/E 79 ST,40.774605,-73.95697,19.0,1,,False,403
0,M98,4,3 AV/E 86 ST,40.778466,-73.954179,19.0,1,,False,404
0,M102,23,3 AV/E 67 ST,40.767113,-73.962513,19.0,1,,False,405
0,M102,25,3 AV/E 72 ST,40.770075,-73.960281,19.0,1,,False,406
0,M102,28,3 AV/E 79 ST,40.774605,-73.95697,19.0,1,,False,407
0,M102,30,3 AV/E 86 ST,40.778466,-73.954179,19.0,1,,False,408
0,M102,20,3 AV/E 60 ST,40.762558,-73.965738,19.0,1,,False,409
0,M102,21,3 AV/E 63 ST,40.764143,-73.964582,19.0,1,,False,410
0,M102,22,3 AV/E 65 ST,40.765599,-73.963509,19.0,1,,False,411
0,M102,24,3 AV/E 69 ST,40.768112,-73.961718,19.0,1,,False,412
0,M102,26,3 AV/E 75 ST,40.771857,-73.959001,19.0,1,,False,413
0,M102,27,3 AV/E 77 ST,40.773208,-73.95799,19.0,1,,False,414
0,M102,29,3 AV/E 82 ST,40.776582,-73.955559,19.0,1,,False,415
0,M102,31,3 AV/E 88 ST,40.780478,-73.952701,19.0,1,,False,416
0,M102,32,3 AV/E 91 ST,40.782258,-73.951426,19.0,1,,False,417
0,M102,33,3 AV/E 93 ST,40.783505,-73.950493,19.0,1,,False,418
0,M12,2,W 14 ST/8 AV,40.740027,-74.002966,10.0,1,,False,419
0,M12,3,W 14 ST/9 AV,40.741148,-74.005521,10.0,1,,False,420
0,M12,4, W 14 St/10 AV,40.742056,-74.007914,10.0,1,,False,421
0,M12,5,11 AV/W 15 ST,40.743388,-74.0084,10.0,1,,False,422
0,M12,7,W 24 St/11 AV,40.749997,-74.007489,10.0,1,,False,423
0,M12,6,11 AV/ W 18 ST,40.745731,-74.007993,10.0,1,,False,424
0,M12,8,12 AV/ W 27 ST,40.752215,-74.007578,10.0,1,,False,425
0,M12,9,12 AV/W 30 ST,40.75484,-74.006232,10.0,1,,False,426
0,M12,10,12 AV/W 33 ST,40.756398,-74.005125,10.0,1,,False,427
0,M12,11,12 AV/ W 40 ST,40.760765,-74.001924,10.0,1,,False,428
0,M20,21,8 AV/W 14 ST,40.739885,-74.002263,10.0,1,,False,429
0,M20,22,8 AV/W 17 ST,40.741899,-74.000808,10.0,1,,False,430
0,M20,23,8 AV/W 20 ST,40.743642,-73.999538,10.0,1,,False,431
0,M20,24,8 AV/W 23 ST,40.745586,-73.998123,10.0,1,,False,432
0,M20,25,8 AV/W 25 ST,40.746845,-73.997203,10.0,1,,False,433
0,M20,26,8 AV/W 28 ST,40.748684,-73.995864,10.0,1,,False,434
0,M14D+,1,W 18 ST / 10 AV,40.744323,-74.005938,10.0,1,,True,435
0,M14D+,2,9 AV/W 18 ST,40.7432,-74.003816,10.0,1,,True,436
0,M34+,1,W 34 ST/12 AV,40.756534,-74.003941,10.0,1,,True,437
0,M34+,2,W 34 ST/11 AV,40.755718,-74.001906,10.0,1,,True,438
0,M34+,3,W 34 ST/10 AV,40.75433,-73.998776,10.0,1,,True,439
0,M34A+,1,9 AV/W 42 ST,40.758617,-73.99264,10.0,1,,True,440
0,M34A+,2,9 AV/W 40 ST,40.756899,-73.993896,10.0,1,,True,441
0,M23+,1,12 AV/W 23 ST,40.748728,-74.007954,10.0,1,,True,442
0,M23+,2,W 24 ST/12 AV,40.749969,-74.007803,10.0,1,,True,443
0,M23+,3,W 23 ST/11 AV,40.748632,-74.006633,10.0,1,,True,444
0,M23+,4,W 23 ST/10 AV,40.747425,-74.003764,10.0,1,,True,445
0,M23+,5,W 23 ST/9 AV,40.746244,-74.000956,10.0,1,,True,446
0,M23+,6,W 23 ST/8 AV,40.745059,-73.998141,10.0,1,,True,447
0,M11,3,W 14 ST/9 AV,40.741148,-74.005521,10.0,1,,False,448
0,M11,4, W 14 St/10 AV,40.742056,-74.007914,10.0,1,,False,449
0,M11,5,10 AV/WEST 16 ST,40.743645,-74.007041,10.0,1,,False,450
0,M11,6,10 AV/W 19 ST,40.745426,-74.005684,10.0,1,,False,451
0,M11,7,10 AV/W 21 ST,40.746615,-74.004825,10.0,1,,False,452
0,M11,8,10 AV/W 23 ST,40.747927,-74.003847,10.0,1,,False,453
0,M11,9,10 AV/W 25 ST,40.749222,-74.002905,10.0,1,,False,454
0,M11,10,10 AV/W 27 ST,40.750041,-74.002353,10.0,1,,False,455
0,M11,11,10 AV/W 30 ST,40.752373,-74.000606,10.0,1,,False,456
0,M11,12,10 AV/W 34 ST,40.75468,-73.999023,10.0,1,,False,457
0,M11,13,10 AV/W 37 ST,40.756715,-73.997444,10.0,1,,False,458
0,M11,14,10 AV/W 40 ST,40.758404,-73.996324,10.0,1,,False,459
0,M11,15,10 AV/W 42 ST,40.759847,-73.995181,10.0,1,,False,460
0,M42,1,12 AV/42 ST,40.762148,-74.00144,10.0,1,,False,461
0,M42,2,W 42 ST/12 AV,40.761908,-74.001056,10.0,1,,False,462
0,M42,3,W 42 ST/11 AV,40.760542,-73.997928,10.0,1,,False,463
0,M42,4,W 42 ST/10 AV,40.759359,-73.995076,10.0,1,,False,464
0,M50,1,12 AV/42 ST,40.762148,-74.00144,10.0,1,,False,465
0,M12,1,8 Av/W 12 ST,40.737903,-74.004356,6.0,1,,False,466
0,M14A+,1,8 AV/BLEECKER ST,40.737379,-74.004929,6.0,1,,True,467
0,M14A+,2,W 14 ST/8 AV,40.739621,-74.002394,6.0,1,,True,468
0,M14A+,3,W 14 ST/7 AV,40.738287,-73.999271,6.0,1,,True,469
0,M14A+,4,W 14 ST/6 AV,40.737093,-73.996431,6.0,1,,True,470
0,M14A+,5,E 14 ST/UNIVERSITY PL,40.735221,-73.991933,6.0,1,,True,471
0,M20,19,8 AV/BLEECKER ST,40.737379,-74.004929,6.0,1,,False,472
0,M20,15,HUDSON ST/W HOUSTON ST,40.728924,-74.00704,6.0,1,,False,473
0,M20,16,HUDSON ST/BARROW ST,40.731571,-74.006534,6.0,1,,False,474
0,M20,17,HUDSON ST/CHRISTOPHER ST,40.733347,-74.00626,6.0,1,,False,475
0,M20,18,HUDSON ST/PERRY ST,40.735435,-74.005921,6.0,1,,False,476
0,M20,20,8 AV/W 4 ST,40.738597,-74.003533,6.0,1,,False,477
0,M14D+,4,W 14 ST/8 AV,40.739621,-74.002394,6.0,1,,True,478
0,M14D+,5,W 14 ST/7 AV,40.738287,-73.999271,6.0,1,,True,479
0,M14D+,6,W 14 ST/6 AV,40.737093,-73.996431,6.0,1,,True,480
0,M14D+,7,E 14 ST/UNIVERSITY PL,40.735221,-73.991933,6.0,1,,True,481
0,M14D+,3,W 14 ST/HUDSON ST,40.74062,-74.004803,6.0,1,,True,482
0,M55,16,6 AV/W HOUSTON ST,40.7287,-74.00254,6.0,1,,False,483
0,M55,17,AV OF THE AMERICAS/W 3 ST,40.730879,-74.001389,6.0,1,,False,484
0,M55,18,AV OF THE AMERICAS/WAVERLY PL,40.733006,-73.999838,6.0,1,,False,485
0,M55,19,AV OF THE AMERICAS/W 10 ST,40.734865,-73.998466,6.0,1,,False,486
0,M55,20,AV OF THE AMERICAS/W 12 ST,40.736155,-73.997539,6.0,1,,False,487
0,M8,1,WEST ST/CHRISTOPHER ST,40.732847,-74.010081,6.0,1,,False,488
0,M8,2,W 10 ST/WASHINGTON ST,40.73331,-74.008708,6.0,1,,False,489
0,M8,3,W 10 ST/GREENWICH ST,40.733501,-74.007459,6.0,1,,False,490
0,M8,4,W 10 ST/HUDSON ST,40.733775,-74.005849,6.0,1,,False,491
0,M8,5,W 10 ST/BLEECKER ST,40.734005,-74.004254,6.0,1,,False,492
0,M8,6,W 10 ST/7 AV S,40.734228,-74.002587,6.0,1,,False,493
0,M8,7,W 10 ST/WAVERLY PL,40.734489,-74.001021,6.0,1,,False,494
0,M8,8,GREENWICH AV/CHRISTOPHER ST,40.734143,-73.999729,6.0,1,,False,495
0,M8,9,W 8 ST/AV OF THE AMERICAS,40.733369,-73.999159,6.0,1,,False,496
0,M8,10,W 8 ST/5 AV,40.732336,-73.996709,6.0,1,,False,497
0,M8,11,E 8 ST/UNIVERSITY PL,40.731417,-73.994502,6.0,1,,False,498
0,M8,12,E 8 ST/MERCER ST,40.730576,-73.99259,6.0,1,,False,499
0,M11,1,BETHUNE ST/GREENWICH ST,40.736989,-74.006358,6.0,1,,False,500
0,M11,2,GREENWICH ST/HORATIO ST,40.738674,-74.006416,6.0,1,,False,501
0,M5,2,AV OF THE AMERICAS/W 34 ST,40.74986,-73.987669,14.0,1,,False,502
0,M5,3,AV OF THE AMERICAS/W 38 ST,40.752139,-73.985967,14.0,1,,False,503
0,M5,4,AV OF THE AMERICAS/W 40 ST,40.753709,-73.984732,14.0,1,,False,504
0,M5,5,AV OF THE AMERICAS/W 42 ST,40.755109,-73.983786,14.0,1,,False,505
0,M5,1,6 AV/W 31 ST,40.748042,-73.988957,14.0,1,,False,506
0,M20,27,8 AV/W 31 ST,40.749952,-73.994947,14.0,1,,False,507
0,M20,28,8 AV/W 34 ST,40.752329,-73.993258,14.0,1,,False,508
0,M20,29,8 AV/W 37 ST,40.75396,-73.992034,14.0,1,,False,509
0,M20,30,8 AV/W 40 ST,40.756261,-73.990408,14.0,1,,False,510
0,M20,31,8 AV/W 43 ST,40.758004,-73.989093,14.0,1,,False,511
0,M55,27,AV OF THE AMERICAS/W 31 ST,40.747987,-73.988909,14.0,1,,False,512
0,M55,28,AV OF THE AMERICAS/W 34 ST,40.74986,-73.987669,14.0,1,,False,513
0,M55,29,AV OF THE AMERICAS/W 38 ST,40.752139,-73.985967,14.0,1,,False,514
0,M55,30,AV OF THE AMERICAS/W 40 ST,40.753709,-73.984732,14.0,1,,False,515
0,M55,31,AV OF THE AMERICAS/W 42 ST,40.755109,-73.983786,14.0,1,,False,516
0,M55,32,W 44 St/6 AV,40.755986,-73.982997,14.0,1,,False,517
0,M2,14,MADISON AV/E 42 ST,40.753337,-73.978759,14.0,1,,False,518
0,M2,10,MADISON AV/E 30 ST,40.74551,-73.984493,14.0,1,,False,519
0,M2,13,MADISON AV/E 40  ST,40.752018,-73.979743,14.0,1,,False,520
0,M1,19,MADISON AV/E 42 ST,40.753337,-73.978759,14.0,1,,False,521
0,M1,15,MADISON AV/E 30 ST,40.74551,-73.984493,14.0,1,,False,522
0,M1,18,MADISON AV/E 40  ST,40.752018,-73.979743,14.0,1,,False,523
0,M3,14,MADISON AV/E 42 ST,40.753337,-73.978759,14.0,1,,False,524
0,M3,10,MADISON AV/E 30 ST,40.74551,-73.984493,14.0,1,,False,525
0,M3,13,MADISON AV/E 40  ST,40.752018,-73.979743,14.0,1,,False,526
0,M34+,4,W 34 ST/9 AV,40.753106,-73.995857,14.0,1,,True,527
0,M34+,5,W 34 ST/8 AV,40.751988,-73.993312,14.0,1,,True,528
0,M34+,6,W 34 ST/7 AV,40.751116,-73.991115,14.0,1,,True,529
0,M34+,7,W 34 ST/BROADWAY,40.749624,-73.987617,14.0,1,,True,530
0,M34+,8,E 34 ST/5 AV,40.748192,-73.984134,14.0,1,,True,531
0,M34+,9,E 34 ST/PARK AV,40.746797,-73.98089,14.0,1,,True,532
0,M34A+,3,W 34 ST/9 AV,40.753106,-73.995857,14.0,1,,True,533
0,M34A+,4,W 34 ST/8 AV,40.751988,-73.993312,14.0,1,,True,534
0,M34A+,5,W 34 ST/7 AV,40.751116,-73.991115,14.0,1,,True,535
0,M34A+,6,W 34 ST/BROADWAY,40.749624,-73.987617,14.0,1,,True,536
0,M34A+,7,E 34 ST/5 AV,40.748192,-73.984134,14.0,1,,True,537
0,M34A+,8,E 34 ST/PARK AV,40.746797,-73.98089,14.0,1,,True,538
0,M7,7,AV OF THE AMERICAS/W 31 ST,40.747987,-73.988909,14.0,1,,False,539
0,M7,8,AV OF THE AMERICAS/W 34 ST,40.74986,-73.987669,14.0,1,,False,540
0,M7,9,AV OF THE AMERICAS/W 38 ST,40.752139,-73.985967,14.0,1,,False,541
0,M7,10,AV OF THE AMERICAS/W 40 ST,40.753709,-73.984732,14.0,1,,False,542
0,M7,11,AV OF THE AMERICAS/W 42 ST,40.755109,-73.983786,14.0,1,,False,543
0,M104,2,8 AV/W 43 ST,40.758004,-73.989093,14.0,1,,False,544
0,M104,1,W 41 ST/8 AV,40.756549,-73.990123,14.0,1,,False,545
0,M4,5,MADISON AV/E 42 ST,40.753337,-73.978759,14.0,1,,False,546
0,M4,4,MADISON AV/E 40  ST,40.752018,-73.979743,14.0,1,,False,547
0,M4,1,32 ST/MADISON AV,40.746555,-73.984226,14.0,1,,False,548
0,M42,5,W 42 ST/9 AV,40.757961,-73.991925,14.0,1,,False,549
0,M42,6,W 42 ST/8 AV,40.757191,-73.989904,14.0,1,,False,550
0,M42,7,W 42 ST/7 AV,40.756259,-73.987735,14.0,1,,False,551
0,M42,8,W 42 ST/BROADWAY,40.755271,-73.985338,14.0,1,,False,552
0,M42,9,W 42 ST/6 AV,40.754535,-73.98364,14.0,1,,False,553
0,M42,10,W 42 ST/5 AV,40.753319,-73.980751,14.0,1,,False,554
0,M42,11,E 42 ST/MADISON AV,40.752533,-73.978889,14.0,1,,False,555
0,M42,12,E 42 ST/PARK AV,40.75188,-73.97733,14.0,1,,False,556
0,M5,42,BROADWAY/W 135 ST,40.820642,-73.954489,30.0,1,,False,557
0,M5,43,BROADWAY/W 137 ST,40.82124,-73.954014,30.0,1,,False,558
0,M5,44,BROADWAY/W 139 ST,40.822815,-73.952874,30.0,1,,False,559
0,M5,45,BROADWAY/W 141 ST,40.82408,-73.951948,30.0,1,,False,560
0,M5,46,BROADWAY/W 143 ST,40.825312,-73.951051,30.0,1,,False,561
0,M5,47,BROADWAY/W 145 ST,40.826791,-73.94997,30.0,1,,False,562
0,M5,48,BROADWAY/W 147 ST,40.827916,-73.949145,30.0,1,,False,563
0,M5,49,BROADWAY/W 149 ST,40.829167,-73.948237,30.0,1,,False,564
0,M5,50,BROADWAY/W 151 ST,40.830413,-73.947322,30.0,1,,False,565
0,M5,51,BROADWAY/W 153 ST,40.831697,-73.946385,30.0,1,,False,566
0,M5,41,W 135 ST/RIVERSIDE DR,40.820863,-73.957,30.0,1,,False,567
0,M3,59,ST NICHOLAS AV/W 144 ST,40.823278,-73.945037,30.0,1,,False,568
0,M3,60,ST NICHOLAS AV/W 145 ST,40.824338,-73.944408,30.0,1,,False,569
0,M3,61,ST NICHOLAS AV/W 147 ST,40.825404,-73.943522,30.0,1,,False,570
0,M3,62,ST NICHOLAS AV/W 151 ST,40.828325,-73.942272,30.0,1,,False,571
0,M3,63,ST NICHOLAS AV/W 153 ST,40.829645,-73.941744,30.0,1,,False,572
0,M11,54,W 135 ST/AMSTERDAM AV,40.819159,-73.95262,30.0,1,,False,573
0,M11,55,W 135 ST/BROADWAY,40.82044,-73.955723,30.0,1,,False,574
0,M11,56,W 135 ST/RIVERSIDE DR,40.821025,-73.957034,30.0,1,,False,575
0,M11,57,RIVERSIDE DR/W 137 ST,40.822435,-73.955855,30.0,1,,False,576
0,M11,58,RIVERSIDE DR/W 139 ST,40.823431,-73.955324,30.0,1,,False,577
0,M11,59,RIVERSIDE DR/W 142 ST,40.825464,-73.953302,30.0,1,,False,578
0,M11,60,RIVERSIDE DR/W 144 ST,40.826652,-73.952228,30.0,1,,False,579
0,M11,61,RIVERBANK/STATE PARK,40.826815,-73.955386,30.0,1,,False,580
0,M4,49,BROADWAY/W 135 ST,40.820642,-73.954489,30.0,1,,False,581
0,M4,50,BROADWAY/W 137 ST,40.82124,-73.954014,30.0,1,,False,582
0,M4,51,BROADWAY/W 139 ST,40.822815,-73.952874,30.0,1,,False,583
0,M4,52,BROADWAY/W 141 ST,40.82408,-73.951948,30.0,1,,False,584
0,M4,53,BROADWAY/W 143 ST,40.825312,-73.951051,30.0,1,,False,585
0,M4,54,BROADWAY/W 145 ST,40.826791,-73.94997,30.0,1,,False,586
0,M4,55,BROADWAY/W 147 ST,40.827916,-73.949145,30.0,1,,False,587
0,M4,56,BROADWAY/W 149 ST,40.829167,-73.948237,30.0,1,,False,588
0,M4,57,BROADWAY/W 151 ST,40.830413,-73.947322,30.0,1,,False,589
0,M4,58,BROADWAY/W 153 ST,40.831697,-73.946385,30.0,1,,False,590
0,M101,61,AMSTERDAM AV/W 143 ST,40.824241,-73.94826,30.0,1,,False,591
0,M101,62,AMSTERDAM AV/W 145 ST,40.825615,-73.947231,30.0,1,,False,592
0,M101,63,AMSTERDAM AV/W 149 ST,40.827662,-73.945755,30.0,1,,False,593
0,M101,64,AMSTERDAM AV/W 152 ST,40.829905,-73.944107,30.0,1,,False,594
0,M5,52,BROADWAY/W 155 ST,40.832992,-73.945441,33.0,1,,False,595
0,M5,53,BROADWAY/W 157 ST,40.834257,-73.944519,33.0,1,,False,596
0,M5,54,BROADWAY/W 159 ST,40.835516,-73.9436,33.0,1,,False,597
0,M5,55,BROADWAY/W 161 ST,40.83674,-73.942702,33.0,1,,False,598
0,M5,56,BROADWAY/W 163 ST,40.838005,-73.941772,33.0,1,,False,599
0,M5,57,BROADWAY/W 165 ST,40.839363,-73.940785,33.0,1,,False,600
0,M5,58,BROADWAY/W 168 ST,40.840308,-73.94011,33.0,1,,False,601
0,M5,59,BROADWAY/W 171 ST,40.843509,-73.939006,33.0,1,,False,602
0,M5,60,BROADWAY/W 173 ST,40.844953,-73.938676,33.0,1,,False,603
0,M5,61,BROADWAY/W 175 ST,40.846487,-73.938292,33.0,1,,False,604
0,M5,62,W 178 ST/BROADWAY,40.848234,-73.937485,33.0,1,,False,605
0,M2,64,EDGECOMBE AV/W 155 ST,40.830904,-73.940279,33.0,1,,False,606
0,M2,65,EDGECOMBE AV/W 158 ST,40.832912,-73.939461,33.0,1,,False,607
0,M2,66,EDGECOMBE AV/W 160 ST,40.834045,-73.938133,33.0,1,,False,608
0,M2,67,EDGECOMBE AV/W 162 ST,40.835242,-73.937496,33.0,1,,False,609
0,M2,68,EDGECOMBE AV/W 164 ST,40.836657,-73.936852,33.0,1,,False,610
0,M2,69,W 165 ST/AMSTERDAM AV,40.837871,-73.938159,33.0,1,,False,611
0,M2,70,AUDUBON AV/W 165 ST,40.839052,-73.939318,33.0,1,,False,612
0,M2,71,W 168 ST/AUDUBON AV,40.840581,-73.938431,33.0,1,,False,613
0,M3,64,AMSTERDAM AV/W 155 ST,40.831683,-73.942827,33.0,1,,False,614
0,M3,65,AMSTERDAM AV/W 158 ST,40.833638,-73.941374,33.0,1,,False,615
0,M3,66,AMSTERDAM AV/W 161 ST,40.835239,-73.940199,33.0,1,,False,616
0,M3,67,ST NICHOLAS AV/W 163 ST,40.837027,-73.940079,33.0,1,,False,617
0,M3,68,ST NICHOLAS AV/W 165 ST,40.838389,-73.93981,33.0,1,,False,618
0,M3,69,ST NICHOLAS AV/W 167 ST,40.840879,-73.939441,33.0,1,,False,619
0,M3,70,ST NICHOLAS AV/W 170 ST,40.842529,-73.938555,33.0,1,,False,620
0,M3,71,ST NICHOLAS AV/W 173 ST,40.844406,-73.937188,33.0,1,,False,621
0,M3,72,ST NICHOLAS AV/W 176 ST,40.846368,-73.935747,33.0,1,,False,622
0,M4,59,BROADWAY/W 155 ST,40.832992,-73.945441,33.0,1,,False,623
0,M4,60,BROADWAY/W 157 ST,40.834257,-73.944519,33.0,1,,False,624
0,M4,61,BROADWAY/W 159 ST,40.835516,-73.9436,33.0,1,,False,625
0,M4,62,BROADWAY/W 161 ST,40.83674,-73.942702,33.0,1,,False,626
0,M4,63,BROADWAY/W 163 ST,40.838005,-73.941772,33.0,1,,False,627
0,M4,64,FT WASHINGTON AV/W 165 ST,40.840558,-73.942825,33.0,1,,False,628
0,M4,65,FT WASHINGTON AV/W 168 ST,40.842408,-73.94209,33.0,1,,False,629
0,M4,66,FT WASHINGTON AV/W 171 ST,40.844315,-73.940871,33.0,1,,False,630
0,M4,67,FT WASHINGTON AV/W 173 ST,40.8457,-73.940298,33.0,1,,False,631
0,M4,68,FT WASHINGTON AV/W 175 ST,40.846825,-73.939845,33.0,1,,False,632
0,M4,69,FT WASHINGTON AV/W 177 ST,40.847906,-73.939407,33.0,1,,False,633
0,M4,70,FT WASHINGTON AV/W 179 ST,40.849229,-73.938932,33.0,1,,False,634
0,M101,65,AMSTERDAM AV/W 155 ST,40.831683,-73.942827,33.0,1,,False,635
0,M101,66,AMSTERDAM AV/W 158 ST,40.833638,-73.941374,33.0,1,,False,636
0,M101,67,AMSTERDAM AV/W 161 ST,40.835239,-73.940199,33.0,1,,False,637
0,M101,68,AMSTERDAM AV/W 164 ST,40.837468,-73.938575,33.0,1,,False,638
0,M101,69,AMSTERDAM AV/W 167 ST,40.839672,-73.93697,33.0,1,,False,639
0,M101,70,AMSTERDAM AV/W 171 ST,40.841978,-73.935267,33.0,1,,False,640
0,M101,71,AMSTERDAM AV/W 173 ST,40.84312,-73.934443,33.0,1,,False,641
0,M101,72,AMSTERDAM AV/W 176 ST,40.84515,-73.932962,33.0,1,,False,642
0,M5,12,CENTRAL PK S/6 AV,40.766128,-73.977019,22.0,1,,False,643
0,M5,13,CENTRAL PK S/7 AV,40.767201,-73.979581,22.0,1,,False,644
0,M5,14,CENTRAL PK S/COLUMBUS CI,40.767838,-73.981242,22.0,1,,False,645
0,M20,36,Columbus Circle (does not stop),40.768164,-73.981327,22.0,1,,False,646
0,M20,37,CENTRAL PK W/COLUMBUS CIR,40.768686,-73.98134,22.0,1,,False,647
0,M20,38,CENTRAL PK W/W 63 ST,40.770657,-73.979873,22.0,1,,False,648
0,M7,18,CENTRAL PK S/6 AV,40.766128,-73.977019,22.0,1,,False,649
0,M7,19,CENTRAL PK S/7 AV,40.767201,-73.979581,22.0,1,,False,650
0,M7,20,CENTRAL PK S/COLUMBUS CI,40.767838,-73.981242,22.0,1,,False,651
0,M10,2,Columbus Circle (does not stop),40.768164,-73.981327,22.0,1,,False,652
0,M10,3,CENTRAL PK W/COLUMBUS CIR,40.768686,-73.98134,22.0,1,,False,653
0,M10,4,CENTRAL PK W/W 63 ST,40.770657,-73.979873,22.0,1,,False,654
0,M10,5,CENTRAL PK W/W 67 ST,40.772641,-73.978424,22.0,1,,False,655
0,M10,6,CENTRAL PK W/W 69 ST,40.77451,-73.97707,22.0,1,,False,656
0,M10,7,CENTRAL PK W/W 72 ST,40.776516,-73.975596,22.0,1,,False,657
0,M10,8,CENTRAL PK W/W 75 ST,40.778511,-73.97414,22.0,1,,False,658
0,M10,9,CENTRAL PK W/W 77 ST,40.779818,-73.97319,22.0,1,,False,659
0,M10,10,CENTRAL PK W/W 79 ST,40.781149,-73.972233,22.0,1,,False,660
0,M10,11,CENTRAL PK W/W 82 ST,40.782564,-73.971263,22.0,1,,False,661
0,M10,12,CENTRAL PK W/W 84 ST,40.784035,-73.970126,22.0,1,,False,662
0,M10,13,CENTRAL PK W/W 87 ST,40.78585,-73.96887,22.0,1,,False,663
0,M10,14,CENTRAL PK W/W 88 ST,40.786848,-73.968059,22.0,1,,False,664
0,M10,15,CENTRAL PK W/W 90 ST,40.788071,-73.967205,22.0,1,,False,665
0,M10,16,CENTRAL PK W/W 92 ST,40.789324,-73.966253,22.0,1,,False,666
0,M10,17,CENTRAL PK W/W 94 ST,40.790539,-73.965364,22.0,1,,False,667
0,M10,18,CENTRAL PK W/W 97 ST,40.792222,-73.964215,22.0,1,,False,668
0,M10,19,CENTRAL PK W/W 100 ST,40.794507,-73.962472,22.0,1,,False,669
0,M10,20,CENTRAL PK W/W 102 ST,40.79575,-73.961561,22.0,1,,False,670
0,M10,21,CENTRAL PK W/W 104 ST,40.797034,-73.960632,22.0,1,,False,671
0,M10,22,CENTRAL PK W/W 106 ST,40.798297,-73.959714,22.0,1,,False,672
0,M10,23,CENTRAL PK W/W 108 ST,40.799706,-73.958746,22.0,1,,False,673
0,M104,7,Columbus Circle (does not stop),40.768164,-73.981327,22.0,1,,False,674
0,M79+,6,E 79 ST TRANSVERSE/E 79 ST TRANSVERSE,40.778765,-73.968554,22.0,1,,True,675
0,M86+,6,W 86 ST/TRANSVERSE,40.784565,-73.967494,22.0,1,,True,676
0,M5,26,RIVERSIDE DR/W 87 ST,40.790737,-73.979671,24.0,1,,False,677
0,M5,27,RIVERSIDE DR/W 89 ST,40.791852,-73.978234,24.0,1,,False,678
0,M5,28,RIVERSIDE DR/W 91 ST,40.792603,-73.977074,24.0,1,,False,679
0,M5,29,RIVERSIDE DR/W 94 ST,40.794693,-73.976593,24.0,1,,False,680
0,M5,30,RIVERSIDE DR/W 97 ST,40.79649,-73.974307,24.0,1,,False,681
0,M5,31,RIVERSIDE DR/W 100 ST,40.798851,-73.973449,24.0,1,,False,682
0,M5,32,RIVERSIDE DR/W 103 ST,40.800432,-73.971727,24.0,1,,False,683
0,M5,33,RIVERSIDE DR/W 106 ST,40.802241,-73.970219,24.0,1,,False,684
0,M5,34,RIVERSIDE DR/W 108 ST,40.803674,-73.969149,24.0,1,,False,685
0,M7,31,AMSTERDAM AV/W 86 ST,40.787953,-73.974696,24.0,1,,False,686
0,M7,32,AMSTERDAM AV/W 89 ST,40.78949,-73.973569,24.0,1,,False,687
0,M7,33,AMSTERDAM AV/W 91 ST,40.791085,-73.972405,24.0,1,,False,688
0,M7,34,AMSTERDAM AV/W 93 ST,40.792344,-73.97148,24.0,1,,False,689
0,M7,35,AMSTERDAM AV/W 96 ST,40.794323,-73.970039,24.0,1,,False,690
0,M7,36,AMSTERDAM AV/W 98 ST,40.795601,-73.969106,24.0,1,,False,691
0,M7,37,AMSTERDAM AV/W 100 ST,40.796869,-73.968181,24.0,1,,False,692
0,M7,38,AMSTERDAM AV/W 102 ST,40.798005,-73.967398,24.0,1,,False,693
0,M7,39,AMSTERDAM AV/W 104 ST,40.799391,-73.966341,24.0,1,,False,694
0,M7,40,W 106 ST/AMSTERDAM AV,40.800184,-73.965359,24.0,1,,False,695
0,M7,41,W 106 ST/COLUMBUS AV,40.798989,-73.962527,24.0,1,,False,696
0,M7,42,MANHATTAN AV/W 106 ST,40.798937,-73.96118,24.0,1,,False,697
0,M7,43,MANHATTAN AV/W 109 ST,40.800471,-73.960056,24.0,1,,False,698
0,M11,33,AMSTERDAM AV/W 86 ST,40.787953,-73.974696,24.0,1,,False,699
0,M11,34,AMSTERDAM AV/W 89 ST,40.78949,-73.973569,24.0,1,,False,700
0,M11,35,AMSTERDAM AV/W 91 ST,40.791085,-73.972405,24.0,1,,False,701
0,M11,36,AMSTERDAM AV/W 93 ST,40.792344,-73.97148,24.0,1,,False,702
0,M11,37,AMSTERDAM AV/W 96 ST,40.794323,-73.970039,24.0,1,,False,703
0,M11,38,AMSTERDAM AV/W 98 ST,40.795601,-73.969106,24.0,1,,False,704
0,M11,39,AMSTERDAM AV/W 100 ST,40.796869,-73.968181,24.0,1,,False,705
0,M11,40,AMSTERDAM AV/W 102 ST,40.798005,-73.967398,24.0,1,,False,706
0,M11,41,AMSTERDAM AV/W 104 ST,40.799391,-73.966341,24.0,1,,False,707
0,M11,42,AMSTERDAM AV/W 106 ST,40.800697,-73.965394,24.0,1,,False,708
0,M11,43,AMSTERDAM AV/W 109 ST,40.802566,-73.964024,24.0,1,,False,709
0,M104,18,BROADWAY/W 86 ST,40.788533,-73.976086,24.0,1,,False,710
0,M104,19,BROADWAY/W 88 ST,40.789801,-73.975114,24.0,1,,False,711
0,M104,20,BROADWAY/W 91 ST,40.791669,-73.973745,24.0,1,,False,712
0,M104,21,BROADWAY/W 93 ST,40.792967,-73.972806,24.0,1,,False,713
0,M104,22,BROADWAY/W 97 ST,40.795174,-73.971197,24.0,1,,False,714
0,M104,23,BROADWAY/W 99 ST,40.796724,-73.970048,24.0,1,,False,715
0,M104,24,BROADWAY/W 101 ST,40.798143,-73.968924,24.0,1,,False,716
0,M104,25,BROADWAY/W 103 ST,40.79932,-73.968241,24.0,1,,False,717
0,M104,26,BROADWAY/WEST 105 ST,40.801659,-73.967648,24.0,1,,False,718
0,M104,27,BROADWAY/W 108 ST,40.803132,-73.967242,24.0,1,,False,719
0,M60+,1,BROADWAY/W 106 ST,40.801818,-73.967642,24.0,1,,True,720
0,M106,1,W 96 ST/WEST END AV,40.794933,-73.972689,24.0,1,,False,721
0,M106,2,W 96 ST/BROADWAY,40.794392,-73.971407,24.0,1,,False,722
0,M106,3,W 96 ST/AMSTERDAM AV,40.793798,-73.970006,24.0,1,,False,723
0,M106,4,W 96 ST/COLUMBUS AV,40.792604,-73.967161,24.0,1,,False,724
0,M106,5,W 96 ST/CENTRAL PK W,40.791667,-73.964944,24.0,1,,False,725
0,M96,1,W 96 ST/WEST END AV,40.794933,-73.972689,24.0,1,,False,726
0,M96,2,W 96 ST/BROADWAY,40.794392,-73.971407,24.0,1,,False,727
0,M96,3,W 96 ST/AMSTERDAM AV,40.793798,-73.970006,24.0,1,,False,728
0,M96,4,W 96 ST/COLUMBUS AV,40.792604,-73.967161,24.0,1,,False,729
0,M96,5,W 96 ST/CENTRAL PK W,40.791667,-73.964944,24.0,1,,False,730
0,M116,1,W 106 ST/BROADWAY,40.801154,-73.967576,24.0,1,,False,731
0,M116,2,W 106 ST/AMSTERDAM AV,40.800184,-73.965359,24.0,1,,False,732
0,M116,3,W 106 ST/COLUMBUS AV,40.798989,-73.962527,24.0,1,,False,733
0,M116,4,MANHATTAN AV/W 106 ST,40.798937,-73.96118,24.0,1,,False,734
0,M116,5,MANHATTAN AV/W 109 ST,40.800471,-73.960056,24.0,1,,False,735
0,M5,35,RIVERSIDE DR/W 112 ST,40.806297,-73.967664,26.0,1,,False,736
0,M5,36,RIVERSIDE DR/W 114 ST,40.807864,-73.966626,26.0,1,,False,737
0,M5,37,RIVERSIDE DR/W 116 ST,40.809122,-73.965499,26.0,1,,False,738
0,M5,38,RIVERSIDE DR/W 119 ST,40.810907,-73.964175,26.0,1,,False,739
0,M5,39,RIVERSIDE DR/W 122 ST,40.812935,-73.9627,26.0,1,,False,740
0,M5,40,RIVERSIDE DR/TIEMANN PL,40.816069,-73.961163,26.0,1,,False,741
0,M11,48,AMSTERDAM AV/W 120 ST,40.809585,-73.958906,26.0,1,,False,742
0,M11,50,AMSTERDAM AV/LA SALLE ST,40.812755,-73.956592,26.0,1,,False,743
0,M11,44,AMSTERDAM AV/W 112 ST,40.804556,-73.962579,26.0,1,,False,744
0,M11,45,AMSTERDAM AV/W 114 ST,40.805727,-73.961715,26.0,1,,False,745
0,M11,46,AMSTERDAM AV/W 116 ST,40.807099,-73.960724,26.0,1,,False,746
0,M11,47,AMSTERDAM AV/W 118 ST,40.808353,-73.959809,26.0,1,,False,747
0,M11,49,AMSTERDAM AV/W 123 ST,40.812268,-73.956884,26.0,1,,False,748
0,M11,51,AMSTERDAM AV/W 125 ST,40.813745,-73.955868,26.0,1,,False,749
0,M11,52,AMSTERDAM AV/W 129 ST,40.814996,-73.955014,26.0,1,,False,750
0,M11,53,AMSTERDAM AV/W 131 ST,40.816685,-73.953761,26.0,1,,False,751
0,M104,30,BROADWAY/W 116 ST,40.80799,-73.963751,26.0,1,,False,752
0,M104,31,BROADWAY/W 120 ST,40.810341,-73.961983,26.0,1,,False,753
0,M104,29,BROADWAY/W 113 ST,40.806258,-73.964954,26.0,1,,False,754
0,M104,32,BROADWAY/W 122 ST,40.812034,-73.960739,26.0,1,,False,755
0,M104,33,BROADWAY/LA SALLE ST,40.813972,-73.959307,26.0,1,,False,756
0,M104,34,BROADWAY/TIEMANN PL,40.814923,-73.95853,26.0,1,,False,757
0,M104,28,BROADWAY/CATHEDRAL PKY,40.804269,-73.96635,26.0,1,,False,758
0,M104,35,AMSTERDAM AV/W 126 ST,40.81434,-73.955492,26.0,1,,False,759
0,M104,36,AMSTERDAM AV/W 129 ST,40.814906,-73.955044,26.0,1,,False,760
0,M4,42,BROADWAY/W 116 ST,40.80799,-73.963751,26.0,1,,False,761
0,M4,43,BROADWAY/W 120 ST,40.810341,-73.961983,26.0,1,,False,762
0,M4,37,CATHEDRAL PY/MANHATTAN AV,40.801417,-73.959954,26.0,1,,False,763
0,M4,38,CATHEDRAL PY/MORNINGSIDE DR,40.802016,-73.961395,26.0,1,,False,764
0,M4,39,CATHEDRAL PY/AMSTERDAM AV,40.803219,-73.964208,26.0,1,,False,765
0,M4,40,CATHEDRAL PY/BROADWAY,40.804142,-73.966436,26.0,1,,False,766
0,M4,41,BROADWAY/W 113 ST,40.806258,-73.964954,26.0,1,,False,767
0,M4,44,BROADWAY/W 122 ST,40.812034,-73.960739,26.0,1,,False,768
0,M4,45,BROADWAY/LA SALLE ST,40.813972,-73.959307,26.0,1,,False,769
0,M4,46,BROADWAY/TIEMANN PL,40.814923,-73.95853,26.0,1,,False,770
0,M4,47,BROADWAY/W 131 ST,40.817322,-73.956852,26.0,1,,False,771
0,M4,48,BROADWAY/W 133 ST,40.818494,-73.955937,26.0,1,,False,772
0,M60+,2,BROADWAY/W 116 ST,40.80799,-73.963751,26.0,1,,True,773
0,M60+,3,BROADWAY/W 120 ST,40.810341,-73.961983,26.0,1,,True,774
0,M60+,4,AMSTERDAM AV/W 120 ST,40.809585,-73.958906,26.0,1,,True,775
0,M60+,5,AMSTERDAM AV/LA SALLE ST,40.812755,-73.956592,26.0,1,,True,776
0,M101,54,AMSTERDAM AV/W 126 ST,40.81434,-73.955492,26.0,1,,False,777
0,M101,55,AMSTERDAM AV/W 129 ST,40.814996,-73.955014,26.0,1,,False,778
0,M101,56,AMSTERDAM AV/W 131 ST,40.816685,-73.953761,26.0,1,,False,779
0,M101,52,W 125 ST/ST NICHOLAS AV,40.811005,-73.953007,26.0,1,,False,780
0,M101,53,W 125 ST/AMSTERDAM AV,40.813269,-73.956121,26.0,1,,False,781
0,M101,57,AMSTERDAM AV/W 133 ST,40.81785,-73.952922,26.0,1,,False,782
0,M101,58,AMSTERDAM AV/W 135 ST,40.819316,-73.95184,26.0,1,,False,783
0,M101,59,AMSTERDAM AV/W 138 ST,40.821041,-73.950578,26.0,1,,False,784
0,M101,60,AMSTERDAM AV/W 140 ST,40.822402,-73.949594,26.0,1,,False,785
0,M15+,19,1 AV/E 116 ST,40.796323,-73.935122,25.0,1,,True,786
0,M15+,20,1 AV/E 125 ST,40.801611,-73.931268,25.0,1,,True,787
0,M15+,21,E 126 ST/2 AV,40.80315,-73.932264,25.0,1,,True,788
0,M15,56,1 AV/E 116 ST,40.796323,-73.935122,25.0,1,,False,789
0,M15,57,1 AV/E 120 ST,40.798936,-73.933223,25.0,1,,False,790
0,M15,58,1 AV/PALADINO AV,40.80036,-73.932182,25.0,1,,False,791
0,M15,59,1 AV/E 125 ST,40.801611,-73.931268,25.0,1,,False,792
0,M15,60,E 126 ST/2 AV,40.80315,-73.932264,25.0,1,,False,793
0,M1,49,MADISON AV/E 116 ST,40.800405,-73.944495,25.0,1,,False,794
0,M1,50,MADISON AV/E 118 ST,40.801507,-73.943618,25.0,1,,False,795
0,M1,51,MADISON AV/E 121 ST,40.803482,-73.942225,25.0,1,,False,796
0,M1,52,MADISON AV/E 123 ST,40.804777,-73.941328,25.0,1,,False,797
0,M1,53,MADISON AV/E 125 ST,40.806015,-73.940348,25.0,1,,False,798
0,M1,54,MADISON AV/E 127 ST,40.807247,-73.939459,25.0,1,,False,799
0,M1,55,MADISON AV/E 129 ST,40.808511,-73.938536,25.0,1,,False,800
0,M1,56,MADISON AV/E 132 ST,40.810426,-73.937108,25.0,1,,False,801
0,M1,57,E 135 ST/MADISON AV,40.812302,-73.936529,25.0,1,,False,802
0,M1,58,5 AV/E 135 ST,40.813125,-73.937224,25.0,1,,False,803
0,M1,59,5 AV/E 138 ST,40.814463,-73.936251,25.0,1,,False,804
0,M103,50,3 AV/E 116 ST,40.797798,-73.94004,25.0,1,,False,805
0,M103,51,3 AV/E 118 ST,40.799578,-73.938718,25.0,1,,False,806
0,M103,52,3 AV/E 122 ST,40.802025,-73.936967,25.0,1,,False,807
0,M103,53,3 AV /E 125 ST,40.804205,-73.935368,25.0,1,,False,808
0,M103,54,E 126 ST/2 AV,40.803873,-73.93388,25.0,1,,False,809
0,M60+,8,E 125 ST/MADISON AV,40.805533,-73.940296,25.0,1,,True,810
0,M60+,9,E 125 ST/LEXINGTON AV,40.804178,-73.937065,25.0,1,,True,811
0,M60+,10,E 125 ST/2 AV,40.802793,-73.933781,25.0,1,,True,812
0,M60+,11,triboro br/ramp,40.796418,-73.921784,25.0,1,,True,813
0,M101,45,E 125 ST/LEXINGTON AV,40.804584,-73.937761,25.0,1,,False,814
0,M101,46,E 125 ST/PARK AV,40.805301,-73.939475,25.0,1,,False,815
0,M101,41,3 AV/E 116 ST,40.797798,-73.94004,25.0,1,,False,816
0,M101,42,3 AV/E 118 ST,40.799578,-73.938718,25.0,1,,False,817
0,M101,43,3 AV/E 122 ST,40.802025,-73.936967,25.0,1,,False,818
0,M101,44,E 125 ST/3 AV,40.803935,-73.936221,25.0,1,,False,819
0,M101,47,E 125 ST/MADISON AV,40.805979,-73.940999,25.0,1,,False,820
0,M98,7,3 AV/E 116 ST,40.797798,-73.94004,25.0,1,,False,821
0,M98,8,3 AV/E 125 ST,40.80389,-73.935524,25.0,1,,False,822
0,M102,42,E 116 ST/LEXINGTON AV,40.798601,-73.941471,25.0,1,,False,823
0,M102,43,E 116 ST/PARK AV,40.799171,-73.942827,25.0,1,,False,824
0,M102,44,E 116 ST/MADISON AV,40.800172,-73.94517,25.0,1,,False,825
0,M102,45,E 116 ST/5 AV,40.800626,-73.946224,25.0,1,,False,826
0,M102,41,E 116 ST/3 AV,40.798172,-73.940408,25.0,1,,False,827
0,M116,13,E 116 ST/MADISON AV,40.799718,-73.944398,25.0,1,,False,828
0,M116,14,E 116 ST/LEXINGTON AV,40.798605,-73.941821,25.0,1,,False,829
0,M116,15,E 116 ST/3 AV,40.797712,-73.939691,25.0,1,,False,830
0,M116,16,E 116 ST/2 AV,40.796991,-73.937987,25.0,1,,False,831
0,M116,17,1 AV/E 116 ST,40.796323,-73.935122,25.0,1,,False,832
0,M116,18,1 AV/E 120 ST,40.798936,-73.933223,25.0,1,,False,833
0,M116,19,1 AV/PALADINO AV,40.80036,-73.932182,25.0,1,,False,834
0,M116,20,PLEASANT AV/E 120 ST,40.797614,-73.93101,25.0,1,,False,835
0,M35,1,LEXINGTON AV/E 125 ST,40.80458,-73.937417,25.0,1,,False,836
0,M35,2,E 124 ST/3 AV,40.803051,-73.936515,25.0,1,,False,837
0,M35,3,E 124 ST/2 AV,40.802148,-73.934477,25.0,1,,False,838
0,M35,4,MAIN RDY/AFTER EXIT RAMP,40.796137,-73.919511,25.0,1,,False,839
0,M35,5,MAIN RDY/OPP GOLF CTR PARKING,40.794984,-73.921694,25.0,1,,False,840
0,M35,6,MAIN RDY/ICAHN STADIUM,40.792872,-73.92339,25.0,1,,False,841
0,M35,7,RIVERS EDGE RD/MAN PSYCH CTR ENT,40.790347,-73.928631,25.0,1,,False,842
0,M35,8,MAIN ROADWAY/RIVERS EDGE RD,40.789129,-73.926861,25.0,1,,False,843
0,M35,9,MAIN RDY/OPP CLARKE THOMAS BLDG,40.78641,-73.929197,25.0,1,,False,844
0,M35,10,SUNKEN GARDEN LOOP/EMPLOYMENT CTR,40.786171,-73.931819,25.0,1,,False,845
0,M35,11,SUNKEN GARDEN LOOP/Charles Gay CTR,40.785095,-73.930841,25.0,1,,False,846
0,M15+,1,SOUTH FERRY/TERMINAL,40.702045,-74.01358,1.0,1,,True,847
0,M15+,2,WATER ST/WALL ST,40.705287,-74.007109,1.0,1,,True,848
0,M15+,3,PEARL ST/FULTON ST,40.70755,-74.003857,1.0,1,,True,849
0,M15,4,WATER ST/WALL ST,40.705287,-74.007109,1.0,1,,False,850
0,M15,5,PEARL ST/FULTON ST,40.70755,-74.003857,1.0,1,,False,851
0,M15,1,SOUTH ST/WHITEHALL ST,40.701536,-74.012485,1.0,1,,False,852
0,M15,2,WATER ST/BROAD ST,40.703036,-74.010834,1.0,1,,False,853
0,M15,3,WATER ST/OLD SLIP,40.704274,-74.00849,1.0,1,,False,854
0,M15,6,PEARL ST/PECK SLIP,40.708968,-74.002171,1.0,1,,False,855
0,M22,1,VESEY ST/NORTH END AV,40.714631,-74.015692,1.0,1,,False,856
0,M22,2,NORTH END AV/WARREN ST,40.717072,-74.014087,1.0,1,,False,857
0,M22,3,CHAMBERS ST/GREENWICH ST,40.716076,-74.010616,1.0,1,,False,858
0,M22,4,CHAMBERS ST/W BROADWAY,40.715377,-74.009105,1.0,1,,False,859
0,M22,5,CHAMBERS ST/CHURCH ST,40.714769,-74.007746,1.0,1,,False,860
0,M22,6,BROADWAY/WARREN ST,40.713766,-74.006749,1.0,1,,False,861
0,M22,7,PARK ROW/SPRUCE ST,40.711897,-74.006203,1.0,1,,False,862
0,M22,8,FRANKFORT ST/WILLIAM ST,40.711388,-74.004401,1.0,1,,False,863
0,M22,9,FRANKFORT ST/PEARL ST,40.709555,-74.001873,1.0,1,,False,864
0,M9,4,PARK ROW/SPRUCE ST,40.711897,-74.006203,1.0,1,,False,865
0,M9,1,SOUTH END AV/ALBANY ST,40.711472,-74.015762,1.0,1,,False,866
0,M9,2,WARREN ST/GREENWICH ST,40.715614,-74.011327,1.0,1,,False,867
0,M9,3,WARREN ST/CHURCH ST,40.714232,-74.008257,1.0,1,,False,868
0,M20,8,NORTH END AV/WARREN ST,40.717072,-74.014087,1.0,1,,False,869
0,M20,5,WEST THAMES ST/SOUTH END AV,40.708407,-74.017093,1.0,1,,False,870
0,M20,6,SOUTH END AV/ALBANY ST,40.711472,-74.015762,1.0,1,,False,871
0,M20,1,STATE ST/WHITEHALL ST,40.70242,-74.013049,1.0,1,,False,872
0,M20,2,STATE ST/BRIDGE ST,40.704209,-74.014192,1.0,1,,False,873
0,M20,3,BATTERY PL/WEST ST,40.704998,-74.017384,1.0,1,,False,874
0,M20,4,BATTERY PL/3 PL,40.707616,-74.016909,1.0,1,,False,875
0,M20,7,MURRAY ST/NORTH END AV,40.715733,-74.015035,1.0,1,,False,876
0,M20,9,WEST ST/CHAMBERS ST,40.717479,-74.01255,1.0,1,,False,877
0,M20,10,HARRISON ST/WEST ST,40.718895,-74.012053,1.0,1,,False,878
0,M20,11,HARRISON ST/HUDSON ST,40.718596,-74.009167,1.0,1,,False,879
0,M20,12,HUDSON ST/NORTH MOORE ST,40.719859,-74.008499,1.0,1,,False,880
0,M20,13,HUDSON ST/SPRING ST,40.726026,-74.007396,1.0,1,,False,881
0,M20,14,HUDSON ST/CHARLTON ST,40.727185,-74.007248,1.0,1,,False,882
0,M21,1,SPRING ST/GREENWICH ST,40.725908,-74.00874,1.0,1,,False,883
0,M21,2,SPRING ST/HUDSON ST,40.725735,-74.007198,1.0,1,,False,884
0,M21,3,6 AV/SPRING ST,40.72573,-74.00387,1.0,1,,False,885
0,M21,4,AV OF THE AMERICAS/PRINCE ST,40.727023,-74.003348,1.0,1,,False,886
0,M21,5,W HOUSTON ST/AV OF THE AMERICAS,40.728226,-74.002663,1.0,1,,False,887
0,M21,6,W HOUSTON ST/SULLIVAN ST,40.727478,-74.001098,1.0,1,,False,888
0,M21,7,W HOUSTON ST/W BROADWAY,40.726524,-73.999412,1.0,1,,False,889
0,M21,8,W HOUSTON ST/GREENE ST,40.725949,-73.998326,1.0,1,,False,890
0,M55,15,AV OF THE AMERICAS/PRINCE ST,40.727023,-74.003348,1.0,1,,False,891
0,M55,1,STATE ST/WHITEHALL ST,40.70242,-74.013049,1.0,1,,False,892
0,M55,2,STATE ST/BRIDGE ST,40.704209,-74.014192,1.0,1,,False,893
0,M55,3,TRINITY PL/MORRIS ST,40.706259,-74.014231,1.0,1,,False,894
0,M55,4,TRINITY PL/RECTOR ST,40.708007,-74.012714,1.0,1,,False,895
0,M55,5,CHURCH ST/LIBERTY ST,40.710016,-74.011358,1.0,1,,False,896
0,M55,6,CHURCH ST/VESEY ST,40.712127,-74.010049,1.0,1,,False,897
0,M55,7,CHURCH ST/WARREN ST,40.714147,-74.008419,1.0,1,,False,898
0,M55,8,CHURCH ST/CHAMBERS ST,40.714954,-74.007835,1.0,1,,False,899
0,M55,9,CHURCH ST/WORTH ST,40.716678,-74.006421,1.0,1,,False,900
0,M55,10,AV OF THE AMERICAS/WHITE ST,40.719318,-74.005054,1.0,1,,False,901
0,M55,11,AV OF THE AMERICAS/WEST BROADWAY,40.720826,-74.004936,1.0,1,,False,902
0,M55,12,6 AV/THOMPSON ST,40.722291,-74.005193,1.0,1,,False,903
0,M55,13,AV OF THE AMERICAS/BROOME ST,40.724232,-74.004455,1.0,1,,False,904
0,M55,14,AV OF THE AMERICAS/SPRING ST,40.725275,-74.003983,1.0,1,,False,905
0,M103,1,PARK ROW/BEEKMAN ST,40.71173,-74.006841,1.0,1,,False,906
0,M15+,4,MADISON ST/CATHERINE ST,40.71193,-73.997157,5.0,1,,True,907
0,M15,7,ST JAMES PL/R F WAGNER SR PL,40.710594,-74.000752,5.0,1,,False,908
0,M15,8,MADISON ST/OLIVER ST,40.711877,-73.997922,5.0,1,,False,909
0,M15,9,MADISON ST/MARKET ST,40.712207,-73.994092,5.0,1,,False,910
0,M22,10,ST JAMES PL/R F WAGNER SR PL,40.710594,-74.000752,5.0,1,,False,911
0,M22,11,MADISON ST/OLIVER ST,40.711877,-73.997922,5.0,1,,False,912
0,M22,12,MADISON ST/MARKET ST,40.712207,-73.994092,5.0,1,,False,913
0,M9,5,PARK ROW/ST JAMES PL,40.713383,-73.998691,5.0,1,,False,914
0,M9,6,E BROADWAY/CATHERINE ST,40.713376,-73.997392,5.0,1,,False,915
0,M9,7,E BROADWAY/FORSYTH ST,40.713675,-73.994096,5.0,1,,False,916
0,M21,9,E HOUSTON ST/MOTT ST,40.724449,-73.993704,5.0,1,,False,917
0,M21,10,E HOUSTON ST/BOWERY,40.723836,-73.992093,5.0,1,,False,918
0,M21,11,E HOUSTON ST/FORSYTH ST,40.723329,-73.990427,5.0,1,,False,919
0,M1,1,CENTRE ST/BROOME ST,40.720643,-73.997694,5.0,1,,False,920
0,M1,2,CLEVELAND  PL/SPRING ST,40.722433,-73.997008,5.0,1,,False,921
0,M103,2,PARK ROW/ST JAMES PL,40.713383,-73.998691,5.0,1,,False,922
0,M103,3,BOWERY/BAYARD ST,40.715391,-73.996465,5.0,1,,False,923
0,M103,4,BOWERY/HESTER ST,40.717343,-73.9953,5.0,1,,False,924
0,M103,5,BOWERY/GRAND ST,40.718788,-73.994542,5.0,1,,False,925
0,M103,6,BOWERY/DELANCEY ST,40.720748,-73.993726,5.0,1,,False,926
0,M103,7,BOWERY/E HOUSTON ST,40.72392,-73.992585,5.0,1,,False,927
0,M15+,5,ALLEN ST/GRAND ST,40.717171,-73.991222,7.0,1,,True,928
0,M15,12,ALLEN ST/GRAND ST,40.717171,-73.991222,7.0,1,,False,929
0,M15,10,PIKE ST/MADISON ST,40.71288,-73.992288,7.0,1,,False,930
0,M15,11,PIKE ST/DIVISION ST,40.714303,-73.992468,7.0,1,,False,931
0,M15,13,ALLEN ST/DELANCEY ST,40.719558,-73.989999,7.0,1,,False,932
0,M15,14,ALLEN ST/STANTON ST,40.721896,-73.988839,7.0,1,,False,933
0,M22,13,MADISON ST/PIKE ST,40.712393,-73.992032,7.0,1,,False,934
0,M22,14,MADISON ST/RUTGERS ST,40.712601,-73.989561,7.0,1,,False,935
0,M22,15,MADISON ST/JEFFERSON ST,40.712697,-73.988399,7.0,1,,False,936
0,M22,16,MADISON ST/CLINTON ST,40.712865,-73.986455,7.0,1,,False,937
0,M22,17,MADISON ST/MONTGOMERY ST,40.713043,-73.984583,7.0,1,,False,938
0,M22,18,MADISON ST/GOUVERNEUR ST,40.713152,-73.983555,7.0,1,,False,939
0,M22,19,MADISON ST/GOUVERNEUR ST,40.713331,-73.981762,7.0,1,,False,940
0,M22,20,MADISON ST/GRAND ST,40.713503,-73.980417,7.0,1,,False,941
0,M22,21,GRAND ST/FDR DR,40.713355,-73.978278,7.0,1,,False,942
0,M14A+,20,GRAND ST/FDR DR,40.713355,-73.978278,7.0,1,,True,943
0,M14A+,14,ESSEX ST/DELANCEY ST,40.718247,-73.988474,7.0,1,,True,944
0,M14A+,15,GRAND ST/ESSEX ST,40.716485,-73.988824,7.0,1,,True,945
0,M14A+,16,GRAND ST/CLINTON ST,40.715758,-73.986415,7.0,1,,True,946
0,M14A+,17,GRAND ST/PITT ST,40.715164,-73.984467,7.0,1,,True,947
0,M14A+,18,GRAND ST/EAST BROADWAY,40.714594,-73.982301,7.0,1,,True,948
0,M14A+,19,GRAND ST/JACKSON ST,40.71408,-73.980611,7.0,1,,True,949
0,M9,12,E HOUSTON ST/NORFOLK ST,40.721682,-73.984971,7.0,1,,False,950
0,M9,13,E HOUSTON ST/CLINTON ST,40.721285,-73.983737,7.0,1,,False,951
0,M9,14,E HOUSTON ST/RIDGE ST,40.720652,-73.981642,7.0,1,,False,952
0,M9,8,E BROADWAY/PIKE ST,40.713808,-73.99265,7.0,1,,False,953
0,M9,9,ESSEX ST/CANAL ST,40.715445,-73.989723,7.0,1,,False,954
0,M9,10,ESSEX ST/GRAND ST,40.71682,-73.989005,7.0,1,,False,955
0,M9,11,ESSEX ST/DELANCEY ST,40.718944,-73.987893,7.0,1,,False,956
0,M21,12,E HOUSTON ST/ESSEX ST,40.722147,-73.986565,7.0,1,,False,957
0,M21,13,E HOUSTON ST/NORFOLK ST,40.721682,-73.984971,7.0,1,,False,958
0,M21,14,E HOUSTON ST/CLINTON ST,40.721285,-73.983737,7.0,1,,False,959
0,M21,15,E HOUSTON ST/RIDGE ST,40.720652,-73.981642,7.0,1,,False,960
0,M21,16,E HOUSTON ST/COLUMBIA ST,40.719626,-73.978387,7.0,1,,False,961
0,M21,17,E HOUSTON ST/BARUCH DR,40.719096,-73.976883,7.0,1,,False,962
0,M21,18,E HOUSTON ST/MANGIN ST,40.718835,-73.975614,7.0,1,,False,963
0,M21,19,F. D. R. DRIVE/555 FDR DR,40.71675,-73.975842,7.0,1,,False,964
0,M21,20,GRAND ST/FDR DR,40.71335,-73.977745,7.0,1,,False,965
0,M14D+,19,E HOUSTON ST/COLUMBIA ST,40.719626,-73.978387,7.0,1,,True,966
0,M14D+,20,E HOUSTON ST/MANGIN ST,40.718835,-73.975614,7.0,1,,True,967
0,M14D+,21,F. D. R. DRIVE/555 FDR DR,40.71675,-73.975842,7.0,1,,True,968
0,M14D+,22,DELANCEY ST/FDR DR,40.715368,-73.976655,7.0,1,,True,969
0,M14D+,23,DELANCY ST/COLUMBIA ST,40.716404,-73.980285,7.0,1,,True,970
0,M15+,6,1 AV/E 1 ST,40.724012,-73.987802,9.0,1,,True,971
0,M15,15,1 AV/E 2 ST,40.723561,-73.988177,9.0,1,,False,972
0,M15,16,1 AV / 4 ST,40.725463,-73.986785,9.0,1,,False,973
0,M15,17,1 AV/ST MARKS PL,40.727823,-73.985061,9.0,1,,False,974
0,M15,18,1 AV/E 11 ST,40.729636,-73.983733,9.0,1,,False,975
0,M14A+,6,E 14 ST/IRVING PL,40.733947,-73.988902,9.0,1,,True,976
0,M14A+,7,E 14 ST/3 AV,40.733008,-73.986729,9.0,1,,True,977
0,M14A+,8,E 14 ST/2 AV,40.732083,-73.984535,9.0,1,,True,978
0,M14A+,9,E 14 ST/1 AV,40.731086,-73.982172,9.0,1,,True,979
0,M14A+,10,AV A/E 14 ST,40.730267,-73.980555,9.0,1,,True,980
0,M14A+,11,AV A/E 11 ST,40.728215,-73.982068,9.0,1,,True,981
0,M14A+,12,AV A/E 5 ST,40.724575,-73.984651,9.0,1,,True,982
0,M14A+,13,AV A/E HOUSTON ST,40.722345,-73.986267,9.0,1,,True,983
0,M9,15,AV C/E 3 ST,40.721781,-73.980425,9.0,1,,False,984
0,M9,16,AV C/E 5 ST,40.723008,-73.979516,9.0,1,,False,985
0,M9,17,AV C/E 7 ST,40.724334,-73.978577,9.0,1,,False,986
0,M9,18,AV C/E 11 ST,40.726278,-73.97714,9.0,1,,False,987
0,M9,19,AV C/E 12 ST,40.727333,-73.976332,9.0,1,,False,988
0,M9,20,AV C/E 14 ST,40.728297,-73.975689,9.0,1,,False,989
0,M14D+,16,E 10 ST/AV D,40.724868,-73.975315,9.0,1,,True,990
0,M14D+,15,AV C/E 12 ST,40.726979,-73.976815,9.0,1,,True,991
0,M14D+,8,E 14 ST/IRVING PL,40.733947,-73.988902,9.0,1,,True,992
0,M14D+,9,E 14 ST/3 AV,40.733008,-73.986729,9.0,1,,True,993
0,M14D+,10,E 14 ST/2 AV,40.732083,-73.984535,9.0,1,,True,994
0,M14D+,11,E 14 ST/1 AV,40.731086,-73.982172,9.0,1,,True,995
0,M14D+,12,E 14 ST/AV A,40.730341,-73.980297,9.0,1,,True,996
0,M14D+,13,E 14 ST/AV B,40.72942,-73.978171,9.0,1,,True,997
0,M14D+,14,E 14 ST/AV C,40.728428,-73.975827,9.0,1,,True,998
0,M14D+,17,AV D/E 6 ST,40.722269,-73.977174,9.0,1,,True,999
0,M14D+,18,AV D/E 4 ST,40.721056,-73.978055,9.0,1,,True,1000
0,M8,13,E 8 ST/LAFAYETTE ST,40.730069,-73.991279,9.0,1,,False,1001
0,M8,14,ST MARKS PL/3 AV,40.729322,-73.989533,9.0,1,,False,1002
0,M8,15,ST MARKS PL/2 AV,40.728611,-73.987848,9.0,1,,False,1003
0,M8,16,ST MARKS PL/1 AV,40.727381,-73.984926,9.0,1,,False,1004
0,M8,17,ST MARKS PL/AV A,40.72672,-73.983353,9.0,1,,False,1005
0,M8,18,E 10 ST/AV A,40.727645,-73.981877,9.0,1,,False,1006
0,M8,19,E 10 ST/AV B,40.726672,-73.97959,9.0,1,,False,1007
0,M8,20,E 10 ST/AV C,40.725667,-73.97722,9.0,1,,False,1008
0,M8,21,E 10 ST/AV D,40.724868,-73.975315,9.0,1,,False,1009
0,M8,22,AV D/LOOP,40.724689,-73.974548,9.0,1,,False,1010
0,M2,1,4 AV/E 10 ST,40.731342,-73.990292,9.0,1,,False,1011
0,M2,2,4 AV/E 12 ST,40.732608,-73.989958,9.0,1,,False,1012
0,M2,3,4 AV/E 13 ST,40.733936,-73.98972,9.0,1,,False,1013
0,M1,6,4 AV/E 10 ST,40.731342,-73.990292,9.0,1,,False,1014
0,M1,7,4 AV/E 12 ST,40.732608,-73.989958,9.0,1,,False,1015
0,M1,8,4 AV/E 13 ST,40.733936,-73.98972,9.0,1,,False,1016
0,M1,3,LAFAYETTE ST/E HOUSTON ST,40.72517,-73.995221,9.0,1,,False,1017
0,M1,4,LAFAYETTE ST/E 4 ST,40.728066,-73.992849,9.0,1,,False,1018
0,M1,5,LAFAYETTE ST/ASTOR PL,40.729751,-73.991427,9.0,1,,False,1019
0,M3,1,4 AV/E 10 ST,40.731342,-73.990292,9.0,1,,False,1020
0,M3,2,4 AV/E 12 ST,40.732608,-73.989958,9.0,1,,False,1021
0,M3,3,4 AV/E 13 ST,40.733936,-73.98972,9.0,1,,False,1022
0,M103,8,BOWERY/E 1 ST,40.725148,-73.992108,9.0,1,,False,1023
0,M103,9,BOWERY/E 3 ST,40.726723,-73.991525,9.0,1,,False,1024
0,M103,10,COOPER SQ/E 6 ST,40.728395,-73.990611,9.0,1,,False,1025
0,M103,11,3 AV/E 9 ST,40.730389,-73.989235,9.0,1,,False,1026
0,M103,12,3 AV/E 11 ST,40.73168,-73.988278,9.0,1,,False,1027
0,M101,2,3 AV/E 9 ST,40.730389,-73.989235,9.0,1,,False,1028
0,M101,3,3 AV/E 11 ST,40.73168,-73.988278,9.0,1,,False,1029
0,M101,1,ASTOR PL/3 AV,40.729567,-73.990052,9.0,1,,False,1030
0,M102,2,3 AV/E 9 ST,40.730389,-73.989235,9.0,1,,False,1031
0,M102,3,3 AV/E 11 ST,40.73168,-73.988278,9.0,1,,False,1032
0,M102,1,ASTOR PL/3 AV,40.729567,-73.990052,9.0,1,,False,1033
0,M15+,7,1 AV/E 14 ST,40.732122,-73.981946,13.0,1,,True,1034
0,M15+,8,1 AV/E 25 ST,40.737991,-73.977607,13.0,1,,True,1035
0,M15+,9,1 AV/E 28 ST,40.74057,-73.975823,13.0,1,,True,1036
0,M15,24,1 AV/E 27 ST,40.739627,-73.976496,13.0,1,,False,1037
0,M15,19,1 AV/E 14 ST,40.732122,-73.981946,13.0,1,,False,1038
0,M15,25,1 AV/E 28 ST,40.74057,-73.975823,13.0,1,,False,1039
0,M15,20,1 AV/E 17 ST,40.733155,-73.981188,13.0,1,,False,1040
0,M15,21,1 AV/E 20 ST,40.735109,-73.979751,13.0,1,,False,1041
0,M15,22,1 AV/E 23 ST,40.737053,-73.978368,13.0,1,,False,1042
0,M15,23,1 AV/E 25 ST,40.738501,-73.977296,13.0,1,,False,1043
0,M9,21,AV C/E 16 ST,40.729699,-73.974715,13.0,1,,False,1044
0,M9,22,AV C/FDR DRIVE,40.730813,-73.973903,13.0,1,,False,1045
0,M9,23,E 20 ST/E 20 ST Loop,40.734053,-73.97755,13.0,1,,False,1046
0,M9,24,1 AV/E 23 ST,40.736654,-73.978633,13.0,1,,False,1047
0,M9,25,1 AV/E 26 ST,40.738626,-73.97711,13.0,1,,False,1048
0,M55,21,AV OF THE AMERICAS/W 15 ST,40.738103,-73.99621,13.0,1,,False,1049
0,M55,22,AV OF THE AMERICAS/W 18 ST,40.739588,-73.995074,13.0,1,,False,1050
0,M55,23,AV OF THE AMERICAS/W 20 ST,40.741155,-73.993876,13.0,1,,False,1051
0,M55,24,AV OF THE AMERICAS/W 23 ST,40.743027,-73.992644,13.0,1,,False,1052
0,M55,25,AV OF THE AMERICAS/W 27 ST,40.745283,-73.990927,13.0,1,,False,1053
0,M55,26,AV OF THE AMERICAS/W 29 ST,40.746542,-73.990097,13.0,1,,False,1054
0,M2,4,UNION SQ E/E 15 ST,40.73555,-73.989612,13.0,1,,False,1055
0,M2,7,PARK AV S/E 23 ST,40.740471,-73.985939,13.0,1,,False,1056
0,M2,9,MADISON AV/E 28 ST,40.744189,-73.985425,13.0,1,,False,1057
0,M2,5,PARK AV S/E 18 ST,40.736788,-73.988625,13.0,1,,False,1058
0,M2,6,PARK AV S/E 21 ST,40.738976,-73.987053,13.0,1,,False,1059
0,M2,8,E 25 ST/PARK AV S,40.741564,-73.985493,13.0,1,,False,1060
0,M1,9,UNION SQ E/E 15 ST,40.73555,-73.989612,13.0,1,,False,1061
0,M1,12,PARK AV S/E 23 ST,40.740471,-73.985939,13.0,1,,False,1062
0,M1,14,MADISON AV/E 28 ST,40.744189,-73.985425,13.0,1,,False,1063
0,M1,10,PARK AV S/E 18 ST,40.736788,-73.988625,13.0,1,,False,1064
0,M1,11,PARK AV S/E 21 ST,40.738976,-73.987053,13.0,1,,False,1065
0,M1,13,E 25 ST/PARK AV S,40.741564,-73.985493,13.0,1,,False,1066
0,M3,4,UNION SQ E/E 15 ST,40.73555,-73.989612,13.0,1,,False,1067
0,M3,7,PARK AV S/E 23 ST,40.740471,-73.985939,13.0,1,,False,1068
0,M3,9,MADISON AV/E 28 ST,40.744189,-73.985425,13.0,1,,False,1069
0,M3,5,PARK AV S/E 18 ST,40.736788,-73.988625,13.0,1,,False,1070
0,M3,6,PARK AV S/E 21 ST,40.738976,-73.987053,13.0,1,,False,1071
0,M3,8,E 25 ST/PARK AV S,40.741564,-73.985493,13.0,1,,False,1072
0,M34+,13,E 23 ST/2 AV,40.737663,-73.980554,13.0,1,,True,1073
0,M34+,12,2 AV/E 28 ST,40.741114,-73.978641,13.0,1,,True,1074
0,M34+,14,E 23 ST/1 AV,40.736691,-73.978245,13.0,1,,True,1075
0,M34+,15,E 23 ST/AV C,40.7355,-73.975374,13.0,1,,True,1076
0,M34+,16,WATERSIDE/WATERSIDE,40.737552,-73.973846,13.0,1,,True,1077
0,M34A+,12,E 23 ST/2 AV,40.737663,-73.980554,13.0,1,,True,1078
0,M34A+,11,2 AV/E 28 ST,40.741114,-73.978641,13.0,1,,True,1079
0,M34A+,13,E 23 ST/1 AV,40.736691,-73.978245,13.0,1,,True,1080
0,M34A+,14,E 23 ST/AV C,40.7355,-73.975374,13.0,1,,True,1081
0,M34A+,15,WATERSIDE/WATERSIDE,40.737552,-73.973846,13.0,1,,True,1082
0,M23+,12,E 23 ST/2 AV,40.737663,-73.980554,13.0,1,,True,1083
0,M23+,14,AV C/E 23 ST,40.735175,-73.975191,13.0,1,,True,1084
0,M23+,13,E 23 ST/1 AV,40.736691,-73.978245,13.0,1,,True,1085
0,M23+,7,W 23 ST/7 AV,40.743952,-73.995493,13.0,1,,True,1086
0,M23+,8,W 23 ST/6 AV,40.74236,-73.991763,13.0,1,,True,1087
0,M23+,9,E 23 ST/BROADWAY,40.741142,-73.98879,13.0,1,,True,1088
0,M23+,10,E 23 ST/PARK AV S,40.739922,-73.985994,13.0,1,,True,1089
0,M23+,11,E 23 ST/3 AV,40.738589,-73.982755,13.0,1,,True,1090
0,M23+,15,AV C/E 20 ST,40.733004,-73.974597,13.0,1,,True,1091
0,M103,13,3 AV/E 14 ST,40.733689,-73.986787,13.0,1,,False,1092
0,M103,14,3 AV/E 17 ST,40.735511,-73.985465,13.0,1,,False,1093
0,M103,15,3 AV/E 21 ST,40.737436,-73.984124,13.0,1,,False,1094
0,M103,16,3 AV/E 23 ST,40.739218,-73.982771,13.0,1,,False,1095
0,M103,17,3 AV/E 26 ST,40.741067,-73.981419,13.0,1,,False,1096
0,M103,18,3 AV/E 29 ST,40.742894,-73.980105,13.0,1,,False,1097
0,M7,1,AV OF THE AMERICAS/W 15 ST,40.738103,-73.99621,13.0,1,,False,1098
0,M7,2,AV OF THE AMERICAS/W 18 ST,40.739588,-73.995074,13.0,1,,False,1099
0,M7,3,AV OF THE AMERICAS/W 20 ST,40.741155,-73.993876,13.0,1,,False,1100
0,M7,4,AV OF THE AMERICAS/W 23 ST,40.743027,-73.992644,13.0,1,,False,1101
0,M7,5,AV OF THE AMERICAS/W 27 ST,40.745283,-73.990927,13.0,1,,False,1102
0,M7,6,AV OF THE AMERICAS/W 29 ST,40.746542,-73.990097,13.0,1,,False,1103
0,M101,4,3 AV/E 14 ST,40.733689,-73.986787,13.0,1,,False,1104
0,M101,5,3 AV/E 17 ST,40.735511,-73.985465,13.0,1,,False,1105
0,M101,6,3 AV/E 21 ST,40.737436,-73.984124,13.0,1,,False,1106
0,M101,7,3 AV/E 23 ST,40.739218,-73.982771,13.0,1,,False,1107
0,M101,8,3 AV/E 26 ST,40.741067,-73.981419,13.0,1,,False,1108
0,M101,9,3 AV/E 29 ST,40.742894,-73.980105,13.0,1,,False,1109
0,M102,4,3 AV/E 14 ST,40.733689,-73.986787,13.0,1,,False,1110
0,M102,5,3 AV/E 17 ST,40.735511,-73.985465,13.0,1,,False,1111
0,M102,6,3 AV/E 21 ST,40.737436,-73.984124,13.0,1,,False,1112
0,M102,7,3 AV/E 23 ST,40.739218,-73.982771,13.0,1,,False,1113
0,M102,8,3 AV/E 26 ST,40.741067,-73.981419,13.0,1,,False,1114
0,M102,9,3 AV/E 29 ST,40.742894,-73.980105,13.0,1,,False,1115
0,M15+,17,1 AV/ E 97 ST,40.784225,-73.943936,23.0,1,,True,1116
0,M15+,18,1 AV/E 106 ST,40.789858,-73.939854,23.0,1,,True,1117
0,M15,52,1 AV/E 106 ST,40.789858,-73.939854,23.0,1,,False,1118
0,M15,49,1 AV/E 97 ST,40.783781,-73.944277,23.0,1,,False,1119
0,M15,50,1 AV/E 99 ST,40.785414,-73.943097,23.0,1,,False,1120
0,M15,51,1 AV/E 102 ST,40.787357,-73.941682,23.0,1,,False,1121
0,M15,53,1 AV/E 108 ST,40.791692,-73.938512,23.0,1,,False,1122
0,M15,54,1 AV/E 111 ST,40.793101,-73.937481,23.0,1,,False,1123
0,M15,55,1 AV/E 113 ST,40.79433,-73.936584,23.0,1,,False,1124
0,M2,35,MADISON AV/E 98 ST,40.788413,-73.95318,23.0,1,,False,1125
0,M2,36,MADISON AV/E 101 ST,40.790304,-73.951799,23.0,1,,False,1126
0,M2,37,MADISON AV/E 102 ST,40.791371,-73.951022,23.0,1,,False,1127
0,M2,38,MADISON AV/E 104 ST,40.792159,-73.950447,23.0,1,,False,1128
0,M2,39,MADISON AV/E 106 ST,40.793434,-73.949511,23.0,1,,False,1129
0,M2,40,MADISON AV/E 107 ST,40.794551,-73.948694,23.0,1,,False,1130
0,M2,41,E 110 ST/MADISON AV,40.796412,-73.948038,23.0,1,,False,1131
0,M1,40,MADISON AV/E 98 ST,40.788413,-73.95318,23.0,1,,False,1132
0,M1,41,MADISON AV/E 101 ST,40.790304,-73.951799,23.0,1,,False,1133
0,M1,42,MADISON AV/E 102 ST,40.791371,-73.951022,23.0,1,,False,1134
0,M1,43,MADISON AV/E 104 ST,40.792159,-73.950447,23.0,1,,False,1135
0,M1,44,MADISON AV/E 106 ST,40.793434,-73.949511,23.0,1,,False,1136
0,M1,45,MADISON AV/E 107 ST,40.794551,-73.948694,23.0,1,,False,1137
0,M1,46,MADISON AV/E 109 ST,40.795813,-73.947779,23.0,1,,False,1138
0,M1,47,MADISON AV/E 112 ST,40.797494,-73.946553,23.0,1,,False,1139
0,M1,48,MADISON AV/E 114 ST,40.798491,-73.945816,23.0,1,,False,1140
0,M3,35,MADISON AV/E 98 ST,40.788413,-73.95318,23.0,1,,False,1141
0,M3,36,MADISON AV/E 101 ST,40.790304,-73.951799,23.0,1,,False,1142
0,M3,37,MADISON AV/E 102 ST,40.791371,-73.951022,23.0,1,,False,1143
0,M3,38,MADISON AV/E 104 ST,40.792159,-73.950447,23.0,1,,False,1144
0,M3,39,MADISON AV/E 106 ST,40.793434,-73.949511,23.0,1,,False,1145
0,M3,40,MADISON AV/E 107 ST,40.794551,-73.948694,23.0,1,,False,1146
0,M3,41,E 110 ST/MADISON AV,40.796412,-73.948038,23.0,1,,False,1147
0,M103,43,3 AV/E 97 ST,40.785746,-73.948862,23.0,1,,False,1148
0,M103,47,3 AV/E 106 ST,40.79189,-73.944367,23.0,1,,False,1149
0,M103,44,3 AV/E 99 ST,40.787906,-73.947273,23.0,1,,False,1150
0,M103,45,3 AV/E 102 ST,40.789273,-73.946287,23.0,1,,False,1151
0,M103,46,3 AV/E 104 ST,40.79054,-73.945358,23.0,1,,False,1152
0,M103,48,3 AV/E 109 ST,40.793765,-73.943005,23.0,1,,False,1153
0,M103,49,3 AV/E 112 ST,40.795775,-73.941518,23.0,1,,False,1154
0,M4,26,MADISON AV/E 98 ST,40.788413,-73.95318,23.0,1,,False,1155
0,M4,27,MADISON AV/E 101 ST,40.790304,-73.951799,23.0,1,,False,1156
0,M4,28,MADISON AV/E 102 ST,40.791371,-73.951022,23.0,1,,False,1157
0,M4,29,MADISON AV/E 104 ST,40.792159,-73.950447,23.0,1,,False,1158
0,M4,30,MADISON AV/E 106 ST,40.793434,-73.949511,23.0,1,,False,1159
0,M4,31,MADISON AV/E 107 ST,40.794551,-73.948694,23.0,1,,False,1160
0,M4,32,E 110 ST/MADISON AV,40.796412,-73.948038,23.0,1,,False,1161
0,M101,34,3 AV/E 97 ST,40.785746,-73.948862,23.0,1,,False,1162
0,M101,38,3 AV/E 106 ST,40.79189,-73.944367,23.0,1,,False,1163
0,M101,35,3 AV/E 99 ST,40.787906,-73.947273,23.0,1,,False,1164
0,M101,36,3 AV/E 102 ST,40.789273,-73.946287,23.0,1,,False,1165
0,M101,37,3 AV/E 104 ST,40.79054,-73.945358,23.0,1,,False,1166
0,M101,39,3 AV/E 109 ST,40.793765,-73.943005,23.0,1,,False,1167
0,M101,40,3 AV/E 112 ST,40.795775,-73.941518,23.0,1,,False,1168
0,M106,7,MADISON AV/E 98 ST,40.788413,-73.95318,23.0,1,,False,1169
0,M106,8,MADISON AV/E 101 ST,40.790304,-73.951799,23.0,1,,False,1170
0,M106,9,MADISON AV/E 102 ST,40.791371,-73.951022,23.0,1,,False,1171
0,M106,10,MADISON AV/E 104 ST,40.792159,-73.950447,23.0,1,,False,1172
0,M106,11,MADISON AV/E 106 ST,40.793434,-73.949511,23.0,1,,False,1173
0,M106,12,E 106 ST/LEXINGTON AV,40.792011,-73.945969,23.0,1,,False,1174
0,M106,13,E 106 ST/3 AV,40.791324,-73.944338,23.0,1,,False,1175
0,M106,14,E 106 ST/2 AV,40.790384,-73.94211,23.0,1,,False,1176
0,M106,15,E 106 ST/1 AV,40.789401,-73.939775,23.0,1,,False,1177
0,M106,16,E 105 ST/FDR DR,40.788214,-73.938425,23.0,1,,False,1178
0,M96,11,E 97 ST/1 AV,40.78421,-73.944775,23.0,1,,False,1179
0,M98,5,3 AV/E 97 ST,40.785746,-73.948862,23.0,1,,False,1180
0,M98,6,3 AV/E 106 ST,40.79189,-73.944367,23.0,1,,False,1181
0,M102,34,3 AV/E 97 ST,40.785746,-73.948862,23.0,1,,False,1182
0,M102,38,3 AV/E 106 ST,40.79189,-73.944367,23.0,1,,False,1183
0,M102,35,3 AV/E 99 ST,40.787906,-73.947273,23.0,1,,False,1184
0,M102,36,3 AV/E 102 ST,40.789273,-73.946287,23.0,1,,False,1185
0,M102,37,3 AV/E 104 ST,40.79054,-73.945358,23.0,1,,False,1186
0,M102,39,3 AV/E 109 ST,40.793765,-73.943005,23.0,1,,False,1187
0,M102,40,3 AV/E 112 ST,40.795775,-73.941518,23.0,1,,False,1188
0,M2,59,ADAM C POWELL BL/W 145 ST,40.821878,-73.938687,32.0,1,,False,1189
0,M2,60,ADAM C POWELL BL/W 147 ST,40.823105,-73.937789,32.0,1,,False,1190
0,M2,61,ADAM C POWELL BL/W 149 ST,40.82426,-73.936943,32.0,1,,False,1191
0,M2,62,ADAM C POWELL BL/W 151 ST,40.825612,-73.935955,32.0,1,,False,1192
0,M2,63,ADAM C POWELL BL/W 153 ST,40.826531,-73.935264,32.0,1,,False,1193
0,M2,51,ADAM C POWELL BL/W 127 ST,40.810475,-73.947009,32.0,1,,False,1194
0,M2,52,ADAM C POWELL BL/W 129 ST,40.811718,-73.946105,32.0,1,,False,1195
0,M2,53,ADAM C POWELL BL/W 133 ST,40.81419,-73.9443,32.0,1,,False,1196
0,M2,54,ADAM C POWELL BL/W 135 ST,40.815549,-73.943309,32.0,1,,False,1197
0,M2,55,ADAM C POWELL BL/W 137 ST,40.816789,-73.942405,32.0,1,,False,1198
0,M2,56,ADAM C POWELL BL/W 139 ST,40.818034,-73.94149,32.0,1,,False,1199
0,M2,57,ADAM C POWELL BL/W 141 ST,40.819296,-73.940571,32.0,1,,False,1200
0,M2,58,ADAM C POWELL BL/W 143 ST,40.820515,-73.939681,32.0,1,,False,1201
0,M1,60,W 139 ST/5 AV,40.815616,-73.936283,32.0,1,,False,1202
0,M1,61,MALCOLM X BL/W 139 ST,40.81694,-73.938615,32.0,1,,False,1203
0,M1,62,MALCOLM X BL/W 142 ST,40.818795,-73.937266,32.0,1,,False,1204
0,M1,63,MALCOLM X BL/W 145 ST,40.82068,-73.935873,32.0,1,,False,1205
0,M1,64,W 147 ST/MALCOLM X BL,40.821952,-73.935729,32.0,1,,False,1206
0,M1,65,W 147 ST/ADAM C POWELL BL,40.822853,-73.937867,32.0,1,,False,1207
0,M1,66,146 ST/LENOX AV,40.821204,-73.936042,32.0,1,,False,1208
0,M3,52,ST NICHOLAS AV/W 127 ST,40.812206,-73.951155,32.0,1,,False,1209
0,M3,53,ST NICHOLAS AV/W 130 ST,40.814014,-73.949575,32.0,1,,False,1210
0,M3,54,ST NICHOLAS AV/W 133 ST,40.815562,-73.948647,32.0,1,,False,1211
0,M3,55,ST NICHOLAS AV/W 135 ST,40.81728,-73.947885,32.0,1,,False,1212
0,M3,56,ST NICHOLAS AV/W 137 ST,40.818358,-73.94731,32.0,1,,False,1213
0,M3,57,ST NICHOLAS AV/W 139 ST,40.82015,-73.946481,32.0,1,,False,1214
0,M3,58,ST NICHOLAS AV/W 141 ST,40.821124,-73.946034,32.0,1,,False,1215
0,M7,58,MALCOLM X BL/W 139 ST,40.81694,-73.938615,32.0,1,,False,1216
0,M7,59,MALCOLM X BL/W 142 ST,40.818795,-73.937266,32.0,1,,False,1217
0,M7,60,MALCOLM X BL/W 145 ST,40.82068,-73.935873,32.0,1,,False,1218
0,M7,61,W 147 ST/MALCOLM X BL,40.821952,-73.935729,32.0,1,,False,1219
0,M7,62,W 147 ST/ADAM C POWELL BL,40.822853,-73.937867,32.0,1,,False,1220
0,M7,63,146 ST/LENOX AV,40.821204,-73.936042,32.0,1,,False,1221
0,M7,53,MALCOLM X BL/W 127 ST,40.809382,-73.944138,32.0,1,,False,1222
0,M7,54,MALCOLM X BL/W 129 ST,40.810635,-73.943223,32.0,1,,False,1223
0,M7,55,MALCOLM X BL/W 132 ST,40.812501,-73.941856,32.0,1,,False,1224
0,M7,56,MALCOLM X BL/W 135 ST,40.813931,-73.940833,32.0,1,,False,1225
0,M7,57,MALCOLM X BL/W 137 ST,40.81575,-73.939483,32.0,1,,False,1226
0,M10,31,FRED DOUGLASS BL/W 127 ST,40.811747,-73.949887,32.0,1,,False,1227
0,M10,32,FRED DOUGLASS BL/W 129 ST,40.812894,-73.949048,32.0,1,,False,1228
0,M10,33,FRED DOUGLASS BL/W 131 ST,40.81414,-73.948137,32.0,1,,False,1229
0,M10,34,FRED DOUGLASS BL/W 133 ST,40.815432,-73.94719,32.0,1,,False,1230
0,M10,35,FRED DOUGLASS BL/W 135 ST,40.816771,-73.946213,32.0,1,,False,1231
0,M10,36,FRED DOUGLASS BL/W 138 ST,40.818645,-73.944849,32.0,1,,False,1232
0,M10,37,FRED DOUGLASS BL/W 141 ST,40.820541,-73.943464,32.0,1,,False,1233
0,M10,38,FRED DOUGLASS BL/W 143 ST,40.821759,-73.942574,32.0,1,,False,1234
0,M10,39,FRED DOUGLASS BL/W 145 ST,40.82312,-73.941579,32.0,1,,False,1235
0,M10,40,FRED DOUGLASS BL/W 148 ST,40.824928,-73.940255,32.0,1,,False,1236
0,M10,41,FRED DOUGLASS BL/MACOMBS PL,40.825817,-73.939658,32.0,1,,False,1237
0,M10,42,FRED DOUGLASS BL/W 153 ST,40.82813,-73.937918,32.0,1,,False,1238
0,M10,43,FRED DOUGLASS BL/W 155 ST,40.829277,-73.937054,32.0,1,,False,1239
0,M10,44,FRED DOUGLASS BL/W 158 ST,40.831209,-73.935693,32.0,1,,False,1240
0,M102,55,MALCOLM X BL/W 139 ST,40.81694,-73.938615,32.0,1,,False,1241
0,M102,56,MALCOLM X BL/W 142 ST,40.818795,-73.937266,32.0,1,,False,1242
0,M102,57,MALCOLM X BL/W 145 ST,40.82068,-73.935873,32.0,1,,False,1243
0,M102,58,W 147 ST/MALCOLM X BL,40.821952,-73.935729,32.0,1,,False,1244
0,M102,59,W 147 ST/ADAM C POWELL BL,40.822853,-73.937867,32.0,1,,False,1245
0,M102,50,MALCOLM X BL/W 127 ST,40.809382,-73.944138,32.0,1,,False,1246
0,M102,51,MALCOLM X BL/W 129 ST,40.810635,-73.943223,32.0,1,,False,1247
0,M102,52,MALCOLM X BL/W 132 ST,40.812501,-73.941856,32.0,1,,False,1248
0,M102,53,MALCOLM X BL/W 135 ST,40.813931,-73.940833,32.0,1,,False,1249
0,M102,54,MALCOLM X BL/W 137 ST,40.81575,-73.939483,32.0,1,,False,1250
0,M102,60,W 146 ST/MALCOLM X  BL,40.821199,-73.936118,32.0,1,,False,1251
0,M2,42,CENTRAL PK N/5 AV,40.797182,-73.949152,28.0,1,,False,1252
0,M2,43,CENTRAL PK N/MALCOLM X BL,40.798395,-73.952601,28.0,1,,False,1253
0,M2,44,CENTRAL PK N/ADAM C POWELL BL,40.799354,-73.954975,28.0,1,,False,1254
0,M2,45,ADAM C POWELL BL/W 113 ST,40.801484,-73.953579,28.0,1,,False,1255
0,M2,46,ADAM C POWELL BL/W 116 ST,40.803426,-73.952158,28.0,1,,False,1256
0,M2,47,ADAM C POWELL BL/WEST 119 ST,40.805343,-73.950713,28.0,1,,False,1257
0,M2,48,ADAM C POWELL BL/W 121 ST,40.806598,-73.949844,28.0,1,,False,1258
0,M2,49,ADAM C POWELL BL/W 123 ST,40.80752,-73.949175,28.0,1,,False,1259
0,M2,50,ADAM C POWELL BL/W 125 ST,40.809158,-73.947978,28.0,1,,False,1260
0,M3,42,CENTRAL PK N/5 AV,40.797182,-73.949152,28.0,1,,False,1261
0,M3,43,CENTRAL PK N/MALCOLM X BL,40.798395,-73.952601,28.0,1,,False,1262
0,M3,44,CENTRAL PK N/ADAM C POWELL BL,40.799354,-73.954975,28.0,1,,False,1263
0,M3,51,ST NICHOLAS AV/W 124 ST,40.810354,-73.952753,28.0,1,,False,1264
0,M3,45,CATHEDRAL PY/FRED DOUGLASS BL,40.80078,-73.958486,28.0,1,,False,1265
0,M3,46,MANHATTAN AV/CATHEDRAL PKY,40.80148,-73.959315,28.0,1,,False,1266
0,M3,47,MANHATTAN AV/W 113 ST,40.803344,-73.957959,28.0,1,,False,1267
0,M3,48,MANHATTAN AV/W 116 ST,40.804877,-73.956842,28.0,1,,False,1268
0,M3,49,MANHATTAN AV/W 119 ST,40.807171,-73.955168,28.0,1,,False,1269
0,M3,50,MANHATTAN AV/W 121 ST,40.808447,-73.954236,28.0,1,,False,1270
0,M7,45,MANHATTAN AV/W 113 ST,40.803344,-73.957959,28.0,1,,False,1271
0,M7,46,MANHATTAN AV/W 116 ST,40.804877,-73.956842,28.0,1,,False,1272
0,M7,44,MANHATTAN AV/W 111 ST,40.80173,-73.959138,28.0,1,,False,1273
0,M7,47,W 116 ST/FRED DOUGLASS BL,40.804229,-73.955203,28.0,1,,False,1274
0,M7,48,W 116 ST/ADAM C POWELL BL,40.802908,-73.952032,28.0,1,,False,1275
0,M7,49,MALCOLM X BL / W 116 ST,40.802336,-73.94928,28.0,1,,False,1276
0,M7,50,MALCOLM X BL/W 119 ST,40.804171,-73.947943,28.0,1,,False,1277
0,M7,51,MALCOLM X BL/W 122 ST,40.806067,-73.946561,28.0,1,,False,1278
0,M7,52,MALCOLM X BL/W 125 ST,40.80804,-73.945118,28.0,1,,False,1279
0,M10,24,FRED DOUGLASS BL/W 111 ST,40.801444,-73.957433,28.0,1,,False,1280
0,M10,25,FRED DOUGLASS BL/W 113 ST,40.802747,-73.956482,28.0,1,,False,1281
0,M10,26,FRED DOUGLASS BL/W 116 ST,40.804742,-73.955025,28.0,1,,False,1282
0,M10,27,FRED DOUGLASS BL/W 119 ST,40.806378,-73.953887,28.0,1,,False,1283
0,M10,28,FRED DOUGLASS BL/W 121 ST,40.807445,-73.953051,28.0,1,,False,1284
0,M10,29,FRED DOUGLASS BL/W 123 ST,40.809069,-73.951847,28.0,1,,False,1285
0,M10,30,FRED DOUGLASS BL/W 125 ST,40.810559,-73.950766,28.0,1,,False,1286
0,M4,33,CENTRAL PK N/5 AV,40.797182,-73.949152,28.0,1,,False,1287
0,M4,34,CENTRAL PK N/MALCOLM X BL,40.798395,-73.952601,28.0,1,,False,1288
0,M4,35,CENTRAL PK N/ADAM C POWELL BL,40.799354,-73.954975,28.0,1,,False,1289
0,M4,36,CATHEDRAL PY/FRED DOUGLASS BL,40.80078,-73.958486,28.0,1,,False,1290
0,M60+,6,W 125 ST/ST NICHOLAS AV,40.810526,-73.952174,28.0,1,,True,1291
0,M60+,7,W 125 ST/MALCOLM X  BL,40.807514,-73.945026,28.0,1,,True,1292
0,M101,49,W 125 ST/MALCOLM X BL,40.808026,-73.945964,28.0,1,,False,1293
0,M101,51,W 125 ST/FRED DOUGLASS BL,40.810402,-73.951598,28.0,1,,False,1294
0,M101,48,W 125 ST/5 AV,40.806542,-73.94244,28.0,1,,False,1295
0,M101,50,W 125 ST/ADAM C POWELL BL,40.809228,-73.948781,28.0,1,,False,1296
0,M102,46,MALCOLM X BL / W 116 ST,40.802336,-73.94928,28.0,1,,False,1297
0,M102,47,MALCOLM X BL/W 119 ST,40.804171,-73.947943,28.0,1,,False,1298
0,M102,48,MALCOLM X BL/W 122 ST,40.806067,-73.946561,28.0,1,,False,1299
0,M102,49,MALCOLM X BL/W 125 ST,40.80804,-73.945118,28.0,1,,False,1300
0,M116,7,MANHATTAN AV/W 113 ST,40.803344,-73.957959,28.0,1,,False,1301
0,M116,8,MANHATTAN AV/W 116 ST,40.804877,-73.956842,28.0,1,,False,1302
0,M116,6,MANHATTAN AV/W 111 ST,40.80173,-73.959138,28.0,1,,False,1303
0,M116,9,W 116 ST/FRED DOUGLASS BL,40.804229,-73.955203,28.0,1,,False,1304
0,M116,10,W 116 ST/ADAM C POWELL BL,40.802908,-73.952032,28.0,1,,False,1305
0,M116,11,W 116 ST/MALCOLM X BL,40.801755,-73.949213,28.0,1,,False,1306
0,M116,12,W 116 ST/5 AV,40.800666,-73.94671,28.0,1,,False,1307
0,M3,73,ST NICHOLAS AV/W 179 ST,40.848225,-73.934397,34.0,1,,False,1308
0,M3,74,ST NICHOLAS AV/W 181 ST,40.849572,-73.933416,34.0,1,,False,1309
0,M3,75,ST NICHOLAS AV/W 184 ST,40.851369,-73.932102,34.0,1,,False,1310
0,M3,76,ST NICHOLAS AV/W 187 ST,40.853358,-73.930644,34.0,1,,False,1311
0,M3,77,ST NICHOLAS AV/W 190 ST,40.855196,-73.929301,34.0,1,,False,1312
0,M3,78,ST NICHOLAS AV/W 193 ST,40.856667,-73.928265,34.0,1,,False,1313
0,M3,79,FT GEORGE AV/66 FT GEORGE AV,40.858092,-73.925535,34.0,1,,False,1314
0,M4,71,FT WASHINGTON AV/W 181 ST,40.851202,-73.938078,34.0,1,,False,1315
0,M4,72,FT WASHINGTON AV/W 183 ST,40.852396,-73.937654,34.0,1,,False,1316
0,M4,73,FT WASHINGTON AV/W 185 ST,40.853639,-73.937266,34.0,1,,False,1317
0,M4,74,FT WASHINGTON AV/W 187 ST,40.85507,-73.936723,34.0,1,,False,1318
0,M4,75,FT WASHINGTON AV/W 190 ST,40.857335,-73.935335,34.0,1,,False,1319
0,M4,76,FT WASHINGTON AV/CABRINI BL,40.858996,-73.934186,34.0,1,,False,1320
0,M4,77,FT TRYON PARK/OPP CAFE LOT,40.863331,-73.932397,34.0,1,,False,1321
0,M4,78,MARGARET CORBIN DR/CLOISTERS,40.865644,-73.932059,34.0,1,,False,1322
0,M101,73,AMSTERDAM AV/W 179 ST,40.847008,-73.931612,34.0,1,,False,1323
0,M101,74,AMSTERDAM AV/W 181 ST,40.848358,-73.930616,34.0,1,,False,1324
0,M101,75,AMSTERDAM AV/W 183 ST,40.849806,-73.929603,34.0,1,,False,1325
0,M101,76,AMSTERDAM AV/W 187 ST,40.852204,-73.927829,34.0,1,,False,1326
0,M101,77,AMSTERDAM AV/W 190 ST,40.853927,-73.926552,34.0,1,,False,1327
0,M101,78,AMSTERDAM AV/193 ST,40.855683,-73.925293,34.0,1,,False,1328
0,M98,9,W 179 ST/AMSTERDAM AV,40.847044,-73.932251,34.0,1,,False,1329
0,M98,10,W 179 ST/ST NICHOLAS AV,40.848025,-73.934477,34.0,1,,False,1330
0,M98,11,W 179 ST/WADSWORTH AV,40.848514,-73.935778,34.0,1,,False,1331
0,M98,12,W 179 ST/BROADWAY,40.849167,-73.937993,34.0,1,,False,1332
0,M98,13,FT WASHINGTON AV/W 181 ST,40.851202,-73.938078,34.0,1,,False,1333
0,M98,14,FT WASHINGTON AV/W 183 ST,40.852396,-73.937654,34.0,1,,False,1334
0,M98,15,FT WASHINGTON AV/W 185 ST,40.853639,-73.937266,34.0,1,,False,1335
0,M98,16,FT WASHINGTON AV/W 187 ST,40.85507,-73.936723,34.0,1,,False,1336
0,M98,17,FT WASHINGTON AV/W 190 ST,40.857335,-73.935335,34.0,1,,False,1337
0,M98,18,FT WASHINGTON AV/CABRINI BL,40.858996,-73.934186,34.0,1,,False,1338
0,M60+,12,HOYT AV/31 ST,40.770207,-73.917431,114.0,1,,True,1339
0,M60+,13,ASTORIA BL S/STEINWAY ST,40.76879,-73.910815,114.0,1,,True,1340
