,direction_id,route_id,stop_sequence,stop_name,stop_lat,stop_lon,stop_id,precinct
0,0,1,1,South Ferry,40.702068,-74.013664,142,1.0
1,0,1,2,Rector St,40.707513,-74.013783,139,1.0
2,0,1,3,WTC Cortlandt,40.711835,-74.012188,138,1.0
3,0,1,4,Chambers St,40.715478,-74.009266,137,1.0
4,0,2,20,Chambers St,40.715478,-74.009266,137,1.0
5,0,3,23,Chambers St,40.715478,-74.009266,137,1.0
6,0,1,5,Franklin St,40.719318,-74.006886,136,1.0
7,0,2,21,Franklin St,40.719318,-74.006886,136,1.0
8,0,1,6,Canal St,40.722854,-74.006277,135,1.0
9,0,2,22,Canal St,40.722854,-74.006277,135,1.0
10,0,1,7,Houston St,40.728251,-74.005367,134,1.0
11,0,2,23,Houston St,40.728251,-74.005367,134,1.0
59,0,2,17,Wall St,40.706821,-74.0091,230,1.0
60,0,3,20,Wall St,40.706821,-74.0091,230,1.0
61,0,2,18,Fulton St,40.709416,-74.006571,229,1.0
62,0,3,21,Fulton St,40.709416,-74.006571,229,1.0
63,0,2,19,Park Place,40.713051,-74.008811,228,1.0
64,0,3,22,Park Place,40.713051,-74.008811,228,1.0
75,0,4,18,Bowling Green,40.704817,-74.014065,420,1.0
76,0,5,15,Bowling Green,40.704817,-74.014065,420,1.0
77,0,4,19,Wall St,40.707557,-74.011862,419,1.0
78,0,5,16,Wall St,40.707557,-74.011862,419,1.0
79,0,4,20,Fulton St,40.710368,-74.009509,418,1.0
80,0,5,17,Fulton St,40.710368,-74.009509,418,1.0
81,0,4,21,Brooklyn Bridge-City Hall,40.713065,-74.004131,640,1.0
82,0,5,18,Brooklyn Bridge-City Hall,40.713065,-74.004131,640,1.0
83,0,6,1,Brooklyn Bridge-City Hall,40.713065,-74.004131,640,1.0
84,0,6X,1,Brooklyn Bridge-City Hall,40.713065,-74.004131,640,1.0
157,0,A,31,Fulton St,40.710197,-74.007691,A38,1.0
158,0,C,17,Fulton St,40.710197,-74.007691,A38,1.0
159,0,A,32,Chambers St,40.714111,-74.008585,A36,1.0
160,0,C,18,Chambers St,40.714111,-74.008585,A36,1.0
161,0,A,33,Canal St,40.720824,-74.005229,A34,1.0
162,0,C,19,Canal St,40.720824,-74.005229,A34,1.0
163,0,E,2,Canal St,40.720824,-74.005229,A34,1.0
164,0,A,34,Spring St,40.726227,-74.003739,A33,1.0
165,0,C,20,Spring St,40.726227,-74.003739,A33,1.0
166,0,E,3,Spring St,40.726227,-74.003739,A33,1.0
264,0,E,1,World Trade Center,40.712582,-74.009781,E01,1.0
288,0,J,1,Broad St,40.706476,-74.011056,M23,1.0
289,0,Z,1,Broad St,40.706476,-74.011056,M23,1.0
290,0,J,2,Fulton St,40.710374,-74.007582,M22,1.0
291,0,Z,2,Fulton St,40.710374,-74.007582,M22,1.0
306,0,N,23,Whitehall St-South Ferry,40.703087,-74.012994,R27,1.0
307,0,W,22,Whitehall St-South Ferry,40.703087,-74.012994,R27,1.0
308,0,R,17,Whitehall St-South Ferry,40.703087,-74.012994,R27,1.0
309,0,N,24,Rector St,40.70722,-74.013342,R26,1.0
310,0,W,23,Rector St,40.70722,-74.013342,R26,1.0
311,0,R,18,Rector St,40.70722,-74.013342,R26,1.0
312,0,N,25,Cortlandt St,40.710668,-74.011029,R25,1.0
313,0,W,24,Cortlandt St,40.710668,-74.011029,R25,1.0
314,0,R,19,Cortlandt St,40.710668,-74.011029,R25,1.0
315,0,N,26,City Hall,40.713282,-74.006978,R24,1.0
316,0,W,25,City Hall,40.713282,-74.006978,R24,1.0
317,0,R,20,City Hall,40.713282,-74.006978,R24,1.0
318,0,N,27,Canal St,40.719527,-74.001775,R23,1.0
319,0,W,26,Canal St,40.719527,-74.001775,R23,1.0
320,0,R,21,Canal St,40.719527,-74.001775,R23,1.0
414,1,1,32,Houston St,40.728251,-74.005367,134,1.0
415,1,2,39,Houston St,40.728251,-74.005367,134,1.0
416,1,1,33,Canal St,40.722854,-74.006277,135,1.0
417,1,2,40,Canal St,40.722854,-74.006277,135,1.0
418,1,1,34,Franklin St,40.719318,-74.006886,136,1.0
419,1,2,41,Franklin St,40.719318,-74.006886,136,1.0
420,1,1,35,Chambers St,40.715478,-74.009266,137,1.0
421,1,2,42,Chambers St,40.715478,-74.009266,137,1.0
422,1,3,12,Chambers St,40.715478,-74.009266,137,1.0
423,1,1,36,WTC Cortlandt,40.711835,-74.012188,138,1.0
424,1,1,37,Rector St,40.707513,-74.013783,139,1.0
425,1,1,38,South Ferry,40.702068,-74.013664,142,1.0
434,1,2,43,Park Place,40.713051,-74.008811,228,1.0
435,1,3,13,Park Place,40.713051,-74.008811,228,1.0
436,1,2,44,Fulton St,40.709416,-74.006571,229,1.0
437,1,3,14,Fulton St,40.709416,-74.006571,229,1.0
438,1,2,45,Wall St,40.706821,-74.0091,230,1.0
439,1,3,15,Wall St,40.706821,-74.0091,230,1.0
504,1,4,34,Brooklyn Bridge-City Hall,40.713065,-74.004131,640,1.0
505,1,5,22,Brooklyn Bridge-City Hall,40.713065,-74.004131,640,1.0
506,1,6,38,Brooklyn Bridge-City Hall,40.713065,-74.004131,640,1.0
507,1,6X,33,Brooklyn Bridge-City Hall,40.713065,-74.004131,640,1.0
508,1,4,35,Fulton St,40.710368,-74.009509,418,1.0
509,1,5,23,Fulton St,40.710368,-74.009509,418,1.0
510,1,4,36,Wall St,40.707557,-74.011862,419,1.0
511,1,5,24,Wall St,40.707557,-74.011862,419,1.0
512,1,4,37,Bowling Green,40.704817,-74.014065,420,1.0
513,1,5,25,Bowling Green,40.704817,-74.014065,420,1.0
587,1,A,26,Spring St,40.726227,-74.003739,A33,1.0
588,1,C,21,Spring St,40.726227,-74.003739,A33,1.0
589,1,E,30,Spring St,40.726227,-74.003739,A33,1.0
590,1,A,27,Canal St,40.720824,-74.005229,A34,1.0
591,1,C,22,Canal St,40.720824,-74.005229,A34,1.0
592,1,E,31,Canal St,40.720824,-74.005229,A34,1.0
593,1,A,28,Chambers St,40.714111,-74.008585,A36,1.0
594,1,C,23,Chambers St,40.714111,-74.008585,A36,1.0
595,1,A,29,Fulton St,40.710197,-74.007691,A38,1.0
596,1,C,24,Fulton St,40.710197,-74.007691,A38,1.0
635,1,E,32,World Trade Center,40.712582,-74.009781,E01,1.0
664,1,J,29,Fulton St,40.710374,-74.007582,M22,1.0
665,1,Z,20,Fulton St,40.710374,-74.007582,M22,1.0
666,1,J,30,Broad St,40.706476,-74.011056,M23,1.0
667,1,Z,21,Broad St,40.706476,-74.011056,M23,1.0
715,1,N,19,Canal St,40.719527,-74.001775,R23,1.0
716,1,W,19,Canal St,40.719527,-74.001775,R23,1.0
717,1,R,25,Canal St,40.719527,-74.001775,R23,1.0
718,1,N,20,City Hall,40.713282,-74.006978,R24,1.0
719,1,W,20,City Hall,40.713282,-74.006978,R24,1.0
720,1,R,26,City Hall,40.713282,-74.006978,R24,1.0
721,1,N,21,Cortlandt St,40.710668,-74.011029,R25,1.0
722,1,W,21,Cortlandt St,40.710668,-74.011029,R25,1.0
723,1,R,27,Cortlandt St,40.710668,-74.011029,R25,1.0
724,1,N,22,Rector St,40.70722,-74.013342,R26,1.0
725,1,W,22,Rector St,40.70722,-74.013342,R26,1.0
726,1,R,28,Rector St,40.70722,-74.013342,R26,1.0
727,1,N,23,Whitehall St-South Ferry,40.703087,-74.012994,R27,1.0
728,1,W,23,Whitehall St-South Ferry,40.703087,-74.012994,R27,1.0
729,1,R,29,Whitehall St-South Ferry,40.703087,-74.012994,R27,1.0
12,0,1,8,Christopher St-Sheridan Sq,40.733422,-74.002906,133,6.0
13,0,2,24,Christopher St-Sheridan Sq,40.733422,-74.002906,133,6.0
14,0,1,9,14 St,40.737826,-74.000201,132,6.0
15,0,2,25,14 St,40.737826,-74.000201,132,6.0
16,0,3,24,14 St,40.737826,-74.000201,132,6.0
167,0,A,35,W 4 St-Wash Sq,40.732338,-74.000495,A32,6.0
168,0,C,21,W 4 St-Wash Sq,40.732338,-74.000495,A32,6.0
169,0,E,4,W 4 St-Wash Sq,40.732338,-74.000495,A32,6.0
237,0,B,12,W 4 St-Wash Sq,40.732338,-74.000495,D20,6.0
238,0,D,23,W 4 St-Wash Sq,40.732338,-74.000495,D20,6.0
239,0,F,27,W 4 St-Wash Sq,40.732338,-74.000495,D20,6.0
240,0,FX,21,W 4 St-Wash Sq,40.732338,-74.000495,D20,6.0
241,0,M,15,W 4 St-Wash Sq,40.732338,-74.000495,D20,6.0
304,0,L,23,6 Av,40.737335,-73.996786,L02,6.0
409,1,1,30,14 St,40.737826,-74.000201,132,6.0
410,1,2,37,14 St,40.737826,-74.000201,132,6.0
411,1,3,11,14 St,40.737826,-74.000201,132,6.0
412,1,1,31,Christopher St-Sheridan Sq,40.733422,-74.002906,133,6.0
413,1,2,38,Christopher St-Sheridan Sq,40.733422,-74.002906,133,6.0
584,1,A,25,W 4 St-Wash Sq,40.732338,-74.000495,A32,6.0
585,1,C,20,W 4 St-Wash Sq,40.732338,-74.000495,A32,6.0
586,1,E,29,W 4 St-Wash Sq,40.732338,-74.000495,A32,6.0
619,1,B,26,W 4 St-Wash Sq,40.732338,-74.000495,D20,6.0
620,1,D,19,W 4 St-Wash Sq,40.732338,-74.000495,D20,6.0
621,1,F,19,W 4 St-Wash Sq,40.732338,-74.000495,D20,6.0
622,1,FX,19,W 4 St-Wash Sq,40.732338,-74.000495,D20,6.0
623,1,M,22,W 4 St-Wash Sq,40.732338,-74.000495,D20,6.0
669,1,L,2,6 Av,40.737335,-73.996786,L02,6.0
17,0,1,10,18 St,40.74104,-73.997871,131,13.0
18,0,2,26,18 St,40.74104,-73.997871,131,13.0
19,0,1,11,23 St,40.744081,-73.995657,130,13.0
20,0,2,27,23 St,40.744081,-73.995657,130,13.0
21,0,1,12,28 St,40.747215,-73.993365,129,13.0
22,0,2,28,28 St,40.747215,-73.993365,129,13.0
97,0,4,26,14 St-Union Sq,40.734673,-73.989951,635,13.0
98,0,5,19,14 St-Union Sq,40.734673,-73.989951,635,13.0
99,0,6,6,14 St-Union Sq,40.734673,-73.989951,635,13.0
100,0,6X,6,14 St-Union Sq,40.734673,-73.989951,635,13.0
101,0,4,27,23 St,40.739864,-73.986599,634,13.0
102,0,6,7,23 St,40.739864,-73.986599,634,13.0
103,0,6X,7,23 St,40.739864,-73.986599,634,13.0
104,0,4,28,28 St,40.74307,-73.984264,633,13.0
105,0,6,8,28 St,40.74307,-73.984264,633,13.0
106,0,6X,8,28 St,40.74307,-73.984264,633,13.0
275,0,F,28,14 St,40.738228,-73.996209,D19,13.0
276,0,FX,22,14 St,40.738228,-73.996209,D19,13.0
277,0,M,16,14 St,40.738228,-73.996209,D19,13.0
278,0,F,29,23 St,40.742878,-73.992821,D18,13.0
279,0,FX,23,23 St,40.742878,-73.992821,D18,13.0
280,0,M,17,23 St,40.742878,-73.992821,D18,13.0
302,0,L,21,3 Av,40.732849,-73.986122,L05,13.0
329,0,N,30,14 St-Union Sq,40.735736,-73.990568,R20,13.0
330,0,W,29,14 St-Union Sq,40.735736,-73.990568,R20,13.0
331,0,Q,24,14 St-Union Sq,40.735736,-73.990568,R20,13.0
332,0,R,24,14 St-Union Sq,40.735736,-73.990568,R20,13.0
333,0,N,31,23 St,40.741303,-73.989344,R19,13.0
334,0,W,30,23 St,40.741303,-73.989344,R19,13.0
335,0,Q,25,23 St,40.741303,-73.989344,R19,13.0
336,0,R,25,23 St,40.741303,-73.989344,R19,13.0
337,0,N,32,28 St,40.745494,-73.988691,R18,13.0
338,0,W,31,28 St,40.745494,-73.988691,R18,13.0
339,0,Q,26,28 St,40.745494,-73.988691,R18,13.0
340,0,R,26,28 St,40.745494,-73.988691,R18,13.0
403,1,1,27,28 St,40.747215,-73.993365,129,13.0
404,1,2,34,28 St,40.747215,-73.993365,129,13.0
405,1,1,28,23 St,40.744081,-73.995657,130,13.0
406,1,2,35,23 St,40.744081,-73.995657,130,13.0
407,1,1,29,18 St,40.74104,-73.997871,131,13.0
408,1,2,36,18 St,40.74104,-73.997871,131,13.0
482,1,4,27,28 St,40.74307,-73.984264,633,13.0
483,1,6,31,28 St,40.74307,-73.984264,633,13.0
484,1,6X,26,28 St,40.74307,-73.984264,633,13.0
485,1,4,28,23 St,40.739864,-73.986599,634,13.0
486,1,6,32,23 St,40.739864,-73.986599,634,13.0
487,1,6X,27,23 St,40.739864,-73.986599,634,13.0
488,1,4,29,14 St-Union Sq,40.734673,-73.989951,635,13.0
489,1,5,21,14 St-Union Sq,40.734673,-73.989951,635,13.0
490,1,6,33,14 St-Union Sq,40.734673,-73.989951,635,13.0
491,1,6X,28,14 St-Union Sq,40.734673,-73.989951,635,13.0
643,1,F,17,23 St,40.742878,-73.992821,D18,13.0
644,1,FX,17,23 St,40.742878,-73.992821,D18,13.0
645,1,M,20,23 St,40.742878,-73.992821,D18,13.0
646,1,F,18,14 St,40.738228,-73.996209,D19,13.0
647,1,FX,18,14 St,40.738228,-73.996209,D19,13.0
648,1,M,21,14 St,40.738228,-73.996209,D19,13.0
671,1,L,4,3 Av,40.732849,-73.986122,L05,13.0
695,1,N,14,28 St,40.745494,-73.988691,R18,13.0
696,1,W,14,28 St,40.745494,-73.988691,R18,13.0
697,1,Q,9,28 St,40.745494,-73.988691,R18,13.0
698,1,R,20,28 St,40.745494,-73.988691,R18,13.0
699,1,N,15,23 St,40.741303,-73.989344,R19,13.0
700,1,W,15,23 St,40.741303,-73.989344,R19,13.0
701,1,Q,10,23 St,40.741303,-73.989344,R19,13.0
702,1,R,21,23 St,40.741303,-73.989344,R19,13.0
703,1,N,16,14 St-Union Sq,40.735736,-73.990568,R20,13.0
704,1,W,16,14 St-Union Sq,40.735736,-73.990568,R20,13.0
705,1,Q,11,14 St-Union Sq,40.735736,-73.990568,R20,13.0
706,1,R,22,14 St-Union Sq,40.735736,-73.990568,R20,13.0
23,0,1,13,34 St-Penn Station,40.750373,-73.991057,128,14.0
24,0,2,29,34 St-Penn Station,40.750373,-73.991057,128,14.0
25,0,3,25,34 St-Penn Station,40.750373,-73.991057,128,14.0
26,0,1,14,Times Sq-42 St,40.75529,-73.987495,127,14.0
27,0,2,30,Times Sq-42 St,40.75529,-73.987495,127,14.0
28,0,3,26,Times Sq-42 St,40.75529,-73.987495,127,14.0
107,0,4,29,33 St,40.746081,-73.982076,632,14.0
108,0,6,9,33 St,40.746081,-73.982076,632,14.0
109,0,6X,9,33 St,40.746081,-73.982076,632,14.0
110,0,4,30,Grand Central-42 St,40.751776,-73.976848,631,14.0
111,0,5,20,Grand Central-42 St,40.751776,-73.976848,631,14.0
112,0,6,10,Grand Central-42 St,40.751776,-73.976848,631,14.0
113,0,6X,10,Grand Central-42 St,40.751776,-73.976848,631,14.0
149,0,7,2,Times Sq-42 St,40.755477,-73.987691,725,14.0
150,0,7X,2,Times Sq-42 St,40.755477,-73.987691,725,14.0
151,0,7,3,5 Av,40.753821,-73.981963,724,14.0
152,0,7X,3,5 Av,40.753821,-73.981963,724,14.0
155,0,GS,1,Grand Central-42 St,40.752769,-73.979189,901,14.0
156,0,GS,2,Times Sq-42 St,40.755983,-73.986229,902,14.0
176,0,A,38,34 St-Penn Station,40.752287,-73.993391,A28,14.0
177,0,C,24,34 St-Penn Station,40.752287,-73.993391,A28,14.0
178,0,E,7,34 St-Penn Station,40.752287,-73.993391,A28,14.0
179,0,A,39,42 St-Port Authority Bus Terminal,40.757308,-73.989735,A27,14.0
180,0,C,25,42 St-Port Authority Bus Terminal,40.757308,-73.989735,A27,14.0
181,0,E,8,42 St-Port Authority Bus Terminal,40.757308,-73.989735,A27,14.0
242,0,B,13,34 St-Herald Sq,40.749719,-73.987823,D17,14.0
243,0,D,24,34 St-Herald Sq,40.749719,-73.987823,D17,14.0
244,0,F,30,34 St-Herald Sq,40.749719,-73.987823,D17,14.0
245,0,FX,24,34 St-Herald Sq,40.749719,-73.987823,D17,14.0
246,0,M,18,34 St-Herald Sq,40.749719,-73.987823,D17,14.0
247,0,B,14,42 St-Bryant Pk,40.754222,-73.984569,D16,14.0
248,0,D,25,42 St-Bryant Pk,40.754222,-73.984569,D16,14.0
249,0,F,31,42 St-Bryant Pk,40.754222,-73.984569,D16,14.0
250,0,FX,25,42 St-Bryant Pk,40.754222,-73.984569,D16,14.0
251,0,M,19,42 St-Bryant Pk,40.754222,-73.984569,D16,14.0
341,0,N,33,34 St-Herald Sq,40.749567,-73.98795,R17,14.0
342,0,W,32,34 St-Herald Sq,40.749567,-73.98795,R17,14.0
343,0,Q,27,34 St-Herald Sq,40.749567,-73.98795,R17,14.0
344,0,R,27,34 St-Herald Sq,40.749567,-73.98795,R17,14.0
345,0,N,34,Times Sq-42 St,40.754672,-73.986754,R16,14.0
346,0,W,33,Times Sq-42 St,40.754672,-73.986754,R16,14.0
347,0,Q,28,Times Sq-42 St,40.754672,-73.986754,R16,14.0
348,0,R,28,Times Sq-42 St,40.754672,-73.986754,R16,14.0
397,1,1,25,Times Sq-42 St,40.75529,-73.987495,127,14.0
398,1,2,32,Times Sq-42 St,40.75529,-73.987495,127,14.0
399,1,3,9,Times Sq-42 St,40.75529,-73.987495,127,14.0
400,1,1,26,34 St-Penn Station,40.750373,-73.991057,128,14.0
401,1,2,33,34 St-Penn Station,40.750373,-73.991057,128,14.0
402,1,3,10,34 St-Penn Station,40.750373,-73.991057,128,14.0
475,1,4,25,Grand Central-42 St,40.751776,-73.976848,631,14.0
476,1,5,20,Grand Central-42 St,40.751776,-73.976848,631,14.0
477,1,6,29,Grand Central-42 St,40.751776,-73.976848,631,14.0
478,1,6X,24,Grand Central-42 St,40.751776,-73.976848,631,14.0
479,1,4,26,33 St,40.746081,-73.982076,632,14.0
480,1,6,30,33 St,40.746081,-73.982076,632,14.0
481,1,6X,25,33 St,40.746081,-73.982076,632,14.0
516,1,7,20,5 Av,40.753821,-73.981963,724,14.0
517,1,7X,10,5 Av,40.753821,-73.981963,724,14.0
518,1,7,21,Times Sq-42 St,40.755477,-73.987691,725,14.0
519,1,7X,11,Times Sq-42 St,40.755477,-73.987691,725,14.0
522,1,GS,1,Times Sq-42 St,40.755983,-73.986229,902,14.0
523,1,GS,2,Grand Central-42 St,40.752769,-73.979189,901,14.0
572,1,A,21,42 St-Port Authority Bus Terminal,40.757308,-73.989735,A27,14.0
573,1,C,16,42 St-Port Authority Bus Terminal,40.757308,-73.989735,A27,14.0
574,1,E,25,42 St-Port Authority Bus Terminal,40.757308,-73.989735,A27,14.0
575,1,A,22,34 St-Penn Station,40.752287,-73.993391,A28,14.0
576,1,C,17,34 St-Penn Station,40.752287,-73.993391,A28,14.0
577,1,E,26,34 St-Penn Station,40.752287,-73.993391,A28,14.0
609,1,B,24,42 St-Bryant Pk,40.754222,-73.984569,D16,14.0
610,1,D,17,42 St-Bryant Pk,40.754222,-73.984569,D16,14.0
611,1,F,15,42 St-Bryant Pk,40.754222,-73.984569,D16,14.0
612,1,FX,15,42 St-Bryant Pk,40.754222,-73.984569,D16,14.0
613,1,M,18,42 St-Bryant Pk,40.754222,-73.984569,D16,14.0
614,1,B,25,34 St-Herald Sq,40.749719,-73.987823,D17,14.0
615,1,D,18,34 St-Herald Sq,40.749719,-73.987823,D17,14.0
616,1,F,16,34 St-Herald Sq,40.749719,-73.987823,D17,14.0
617,1,FX,16,34 St-Herald Sq,40.749719,-73.987823,D17,14.0
618,1,M,19,34 St-Herald Sq,40.749719,-73.987823,D17,14.0
687,1,N,12,Times Sq-42 St,40.754672,-73.986754,R16,14.0
688,1,W,12,Times Sq-42 St,40.754672,-73.986754,R16,14.0
689,1,Q,7,Times Sq-42 St,40.754672,-73.986754,R16,14.0
690,1,R,18,Times Sq-42 St,40.754672,-73.986754,R16,14.0
691,1,N,13,34 St-Herald Sq,40.749567,-73.98795,R17,14.0
692,1,W,13,34 St-Herald Sq,40.749567,-73.98795,R17,14.0
693,1,Q,8,34 St-Herald Sq,40.749567,-73.98795,R17,14.0
694,1,R,19,34 St-Herald Sq,40.749567,-73.98795,R17,14.0
29,0,1,15,50 St,40.761728,-73.983849,126,18.0
30,0,2,31,50 St,40.761728,-73.983849,126,18.0
31,0,1,16,59 St-Columbus Circle,40.768247,-73.981929,125,18.0
32,0,2,32,59 St-Columbus Circle,40.768247,-73.981929,125,18.0
114,0,4,31,51 St,40.757107,-73.97192,630,18.0
115,0,6,11,51 St,40.757107,-73.97192,630,18.0
116,0,6X,11,51 St,40.757107,-73.97192,630,18.0
182,0,A,40,50 St,40.762456,-73.985984,A25,18.0
183,0,C,26,50 St,40.762456,-73.985984,A25,18.0
184,0,E,9,50 St,40.762456,-73.985984,A25,18.0
185,0,A,41,59 St-Columbus Circle,40.768296,-73.981736,A24,18.0
186,0,B,17,59 St-Columbus Circle,40.768296,-73.981736,A24,18.0
187,0,C,27,59 St-Columbus Circle,40.768296,-73.981736,A24,18.0
188,0,D,28,59 St-Columbus Circle,40.768296,-73.981736,A24,18.0
252,0,B,15,47-50 Sts-Rockefeller Ctr,40.758663,-73.981329,D15,18.0
253,0,D,26,47-50 Sts-Rockefeller Ctr,40.758663,-73.981329,D15,18.0
254,0,F,32,47-50 Sts-Rockefeller Ctr,40.758663,-73.981329,D15,18.0
255,0,FX,26,47-50 Sts-Rockefeller Ctr,40.758663,-73.981329,D15,18.0
256,0,M,20,47-50 Sts-Rockefeller Ctr,40.758663,-73.981329,D15,18.0
257,0,B,16,7 Av,40.762862,-73.981637,D14,18.0
258,0,D,27,7 Av,40.762862,-73.981637,D14,18.0
259,0,E,10,7 Av,40.762862,-73.981637,D14,18.0
265,0,E,11,5 Av/53 St,40.760167,-73.975224,F12,18.0
266,0,M,21,5 Av/53 St,40.760167,-73.975224,F12,18.0
281,0,F,33,57 St,40.763972,-73.97745,B10,18.0
282,0,FX,27,57 St,40.763972,-73.97745,B10,18.0
349,0,N,35,49 St,40.759901,-73.984139,R15,18.0
350,0,W,34,49 St,40.759901,-73.984139,R15,18.0
351,0,Q,29,49 St,40.759901,-73.984139,R15,18.0
352,0,R,29,49 St,40.759901,-73.984139,R15,18.0
353,0,N,36,57 St-7 Av,40.764664,-73.980658,R14,18.0
354,0,W,35,57 St-7 Av,40.764664,-73.980658,R14,18.0
355,0,Q,30,57 St-7 Av,40.764664,-73.980658,R14,18.0
356,0,R,30,57 St-7 Av,40.764664,-73.980658,R14,18.0
393,1,1,23,59 St-Columbus Circle,40.768247,-73.981929,125,18.0
394,1,2,30,59 St-Columbus Circle,40.768247,-73.981929,125,18.0
395,1,1,24,50 St,40.761728,-73.983849,126,18.0
396,1,2,31,50 St,40.761728,-73.983849,126,18.0
472,1,4,24,51 St,40.757107,-73.97192,630,18.0
473,1,6,28,51 St,40.757107,-73.97192,630,18.0
474,1,6X,23,51 St,40.757107,-73.97192,630,18.0
565,1,A,19,59 St-Columbus Circle,40.768296,-73.981736,A24,18.0
566,1,B,21,59 St-Columbus Circle,40.768296,-73.981736,A24,18.0
567,1,C,14,59 St-Columbus Circle,40.768296,-73.981736,A24,18.0
568,1,D,14,59 St-Columbus Circle,40.768296,-73.981736,A24,18.0
569,1,A,20,50 St,40.762456,-73.985984,A25,18.0
570,1,C,15,50 St,40.762456,-73.985984,A25,18.0
571,1,E,24,50 St,40.762456,-73.985984,A25,18.0
601,1,B,22,7 Av,40.762862,-73.981637,D14,18.0
602,1,D,15,7 Av,40.762862,-73.981637,D14,18.0
603,1,E,23,7 Av,40.762862,-73.981637,D14,18.0
604,1,B,23,47-50 Sts-Rockefeller Ctr,40.758663,-73.981329,D15,18.0
605,1,D,16,47-50 Sts-Rockefeller Ctr,40.758663,-73.981329,D15,18.0
606,1,F,14,47-50 Sts-Rockefeller Ctr,40.758663,-73.981329,D15,18.0
607,1,FX,14,47-50 Sts-Rockefeller Ctr,40.758663,-73.981329,D15,18.0
608,1,M,17,47-50 Sts-Rockefeller Ctr,40.758663,-73.981329,D15,18.0
633,1,E,22,5 Av/53 St,40.760167,-73.975224,F12,18.0
634,1,M,16,5 Av/53 St,40.760167,-73.975224,F12,18.0
641,1,F,13,57 St,40.763972,-73.97745,B10,18.0
642,1,FX,13,57 St,40.763972,-73.97745,B10,18.0
679,1,N,10,57 St-7 Av,40.764664,-73.980658,R14,18.0
680,1,W,10,57 St-7 Av,40.764664,-73.980658,R14,18.0
681,1,Q,5,57 St-7 Av,40.764664,-73.980658,R14,18.0
682,1,R,16,57 St-7 Av,40.764664,-73.980658,R14,18.0
683,1,N,11,49 St,40.759901,-73.984139,R15,18.0
684,1,W,11,49 St,40.759901,-73.984139,R15,18.0
685,1,Q,6,49 St,40.759901,-73.984139,R15,18.0
686,1,R,17,49 St,40.759901,-73.984139,R15,18.0
33,0,1,17,66 St-Lincoln Center,40.77344,-73.982209,124,20.0
34,0,2,33,66 St-Lincoln Center,40.77344,-73.982209,124,20.0
35,0,1,18,72 St,40.778453,-73.98197,123,20.0
36,0,2,34,72 St,40.778453,-73.98197,123,20.0
37,0,3,27,72 St,40.778453,-73.98197,123,20.0
38,0,1,19,79 St,40.783934,-73.979917,122,20.0
39,0,2,35,79 St,40.783934,-73.979917,122,20.0
386,1,1,20,79 St,40.783934,-73.979917,122,20.0
387,1,2,27,79 St,40.783934,-73.979917,122,20.0
388,1,1,21,72 St,40.778453,-73.98197,123,20.0
389,1,2,28,72 St,40.778453,-73.98197,123,20.0
390,1,3,8,72 St,40.778453,-73.98197,123,20.0
391,1,1,22,66 St-Lincoln Center,40.77344,-73.982209,124,20.0
392,1,2,29,66 St-Lincoln Center,40.77344,-73.982209,124,20.0
40,0,1,20,86 St,40.788644,-73.976218,121,24.0
41,0,2,36,86 St,40.788644,-73.976218,121,24.0
42,0,1,21,96 St,40.793919,-73.972323,120,24.0
43,0,2,37,96 St,40.793919,-73.972323,120,24.0
44,0,3,28,96 St,40.793919,-73.972323,120,24.0
45,0,1,22,103 St,40.799446,-73.968379,119,24.0
46,0,1,23,Cathedral Pkwy (110 St),40.803967,-73.966847,118,24.0
379,1,1,16,Cathedral Pkwy (110 St),40.803967,-73.966847,118,24.0
380,1,1,17,103 St,40.799446,-73.968379,119,24.0
381,1,1,18,96 St,40.793919,-73.972323,120,24.0
382,1,2,25,96 St,40.793919,-73.972323,120,24.0
383,1,3,7,96 St,40.793919,-73.972323,120,24.0
384,1,1,19,86 St,40.788644,-73.976218,121,24.0
385,1,2,26,86 St,40.788644,-73.976218,121,24.0
47,0,1,24,116 St-Columbia University,40.807722,-73.96411,117,26.0
48,0,1,25,125 St,40.815581,-73.958372,116,26.0
210,0,A,49,125 St,40.811109,-73.952343,A15,26.0
211,0,B,25,125 St,40.811109,-73.952343,A15,26.0
212,0,C,35,125 St,40.811109,-73.952343,A15,26.0
213,0,D,29,125 St,40.811109,-73.952343,A15,26.0
214,0,A,50,135 St,40.817894,-73.947649,A14,26.0
215,0,B,26,135 St,40.817894,-73.947649,A14,26.0
216,0,C,36,135 St,40.817894,-73.947649,A14,26.0
377,1,1,14,125 St,40.815581,-73.958372,116,26.0
378,1,1,15,116 St-Columbia University,40.807722,-73.96411,117,26.0
537,1,A,10,135 St,40.817894,-73.947649,A14,26.0
538,1,B,12,135 St,40.817894,-73.947649,A14,26.0
539,1,C,5,135 St,40.817894,-73.947649,A14,26.0
540,1,A,11,125 St,40.811109,-73.952343,A15,26.0
541,1,B,13,125 St,40.811109,-73.952343,A15,26.0
542,1,C,6,125 St,40.811109,-73.952343,A15,26.0
543,1,D,13,125 St,40.811109,-73.952343,A15,26.0
49,0,1,26,137 St-City College,40.822008,-73.953676,115,30.0
50,0,1,27,145 St,40.826551,-73.95036,114,30.0
217,0,A,51,145 St,40.824783,-73.944216,A12,30.0
218,0,C,37,145 St,40.824783,-73.944216,A12,30.0
219,0,A,52,155 St,40.830518,-73.941514,A11,30.0
220,0,C,38,155 St,40.830518,-73.941514,A11,30.0
260,0,B,27,145 St,40.824783,-73.944216,D13,30.0
261,0,D,30,145 St,40.824783,-73.944216,D13,30.0
375,1,1,12,145 St,40.826551,-73.95036,114,30.0
376,1,1,13,137 St-City College,40.822008,-73.953676,115,30.0
533,1,A,8,155 St,40.830518,-73.941514,A11,30.0
534,1,C,3,155 St,40.830518,-73.941514,A11,30.0
535,1,A,9,145 St,40.824783,-73.944216,A12,30.0
536,1,C,4,145 St,40.824783,-73.944216,A12,30.0
599,1,B,11,145 St,40.824783,-73.944216,D13,30.0
600,1,D,12,145 St,40.824783,-73.944216,D13,30.0
51,0,1,28,157 St,40.834041,-73.94489,113,33.0
52,0,1,29,168 St-Washington Hts,40.840556,-73.940133,112,33.0
221,0,A,53,163 St-Amsterdam Av,40.836013,-73.939892,A10,33.0
222,0,C,39,163 St-Amsterdam Av,40.836013,-73.939892,A10,33.0
223,0,A,54,168 St,40.840719,-73.939561,A09,33.0
224,0,C,40,168 St,40.840719,-73.939561,A09,33.0
225,0,A,55,175 St,40.847391,-73.939704,A07,33.0
373,1,1,10,168 St-Washington Hts,40.840556,-73.940133,112,33.0
374,1,1,11,157 St,40.834041,-73.94489,113,33.0
528,1,A,5,175 St,40.847391,-73.939704,A07,33.0
529,1,A,6,168 St,40.840719,-73.939561,A09,33.0
530,1,C,1,168 St,40.840719,-73.939561,A09,33.0
531,1,A,7,163 St-Amsterdam Av,40.836013,-73.939892,A10,33.0
532,1,C,2,163 St-Amsterdam Av,40.836013,-73.939892,A10,33.0
53,0,1,30,181 St,40.849505,-73.933596,111,34.0
54,0,1,31,191 St,40.855225,-73.929412,110,34.0
55,0,1,32,Dyckman St,40.860531,-73.925536,109,34.0
56,0,1,33,207 St,40.864621,-73.918822,108,34.0
57,0,1,34,215 St,40.869444,-73.915279,107,34.0
226,0,A,56,181 St,40.851695,-73.937969,A06,34.0
227,0,A,57,190 St,40.859022,-73.93418,A05,34.0
228,0,A,58,Dyckman St,40.865491,-73.927271,A03,34.0
229,0,A,59,Inwood-207 St,40.868072,-73.919899,A02,34.0
368,1,1,5,215 St,40.869444,-73.915279,107,34.0
369,1,1,6,207 St,40.864621,-73.918822,108,34.0
370,1,1,7,Dyckman St,40.860531,-73.925536,109,34.0
371,1,1,8,191 St,40.855225,-73.929412,110,34.0
372,1,1,9,181 St,40.849505,-73.933596,111,34.0
524,1,A,1,Inwood-207 St,40.868072,-73.919899,A02,34.0
525,1,A,2,Dyckman St,40.865491,-73.927271,A03,34.0
526,1,A,3,190 St,40.859022,-73.93418,A05,34.0
527,1,A,4,181 St,40.851695,-73.937969,A06,34.0
65,0,2,38,Central Park North (110 St),40.799075,-73.951822,227,28.0
66,0,3,29,Central Park North (110 St),40.799075,-73.951822,227,28.0
67,0,2,39,116 St,40.802098,-73.949625,226,28.0
68,0,3,30,116 St,40.802098,-73.949625,226,28.0
69,0,2,40,125 St,40.807754,-73.945495,225,28.0
70,0,3,31,125 St,40.807754,-73.945495,225,28.0
204,0,A,47,Cathedral Pkwy (110 St),40.800603,-73.958161,A17,28.0
205,0,B,23,Cathedral Pkwy (110 St),40.800603,-73.958161,A17,28.0
206,0,C,33,Cathedral Pkwy (110 St),40.800603,-73.958161,A17,28.0
207,0,A,48,116 St,40.805085,-73.954882,A16,28.0
208,0,B,24,116 St,40.805085,-73.954882,A16,28.0
209,0,C,34,116 St,40.805085,-73.954882,A16,28.0
428,1,2,22,125 St,40.807754,-73.945495,225,28.0
429,1,3,4,125 St,40.807754,-73.945495,225,28.0
430,1,2,23,116 St,40.802098,-73.949625,226,28.0
431,1,3,5,116 St,40.802098,-73.949625,226,28.0
432,1,2,24,Central Park North (110 St),40.799075,-73.951822,227,28.0
433,1,3,6,Central Park North (110 St),40.799075,-73.951822,227,28.0
544,1,A,12,116 St,40.805085,-73.954882,A16,28.0
545,1,B,14,116 St,40.805085,-73.954882,A16,28.0
546,1,C,7,116 St,40.805085,-73.954882,A16,28.0
547,1,A,13,Cathedral Pkwy (110 St),40.800603,-73.958161,A17,28.0
548,1,B,15,Cathedral Pkwy (110 St),40.800603,-73.958161,A17,28.0
549,1,C,8,Cathedral Pkwy (110 St),40.800603,-73.958161,A17,28.0
71,0,2,41,135 St,40.814229,-73.94077,224,32.0
72,0,3,32,135 St,40.814229,-73.94077,224,32.0
73,0,3,33,145 St,40.820421,-73.936245,302,32.0
74,0,3,34,Harlem-148 St,40.82388,-73.93647,301,32.0
262,0,B,28,155 St,40.830135,-73.938209,D12,32.0
263,0,D,31,155 St,40.830135,-73.938209,D12,32.0
426,1,2,21,135 St,40.814229,-73.94077,224,32.0
427,1,3,3,135 St,40.814229,-73.94077,224,32.0
440,1,3,1,Harlem-148 St,40.82388,-73.93647,301,32.0
441,1,3,2,145 St,40.820421,-73.936245,302,32.0
597,1,B,10,155 St,40.830135,-73.938209,D12,32.0
598,1,D,11,155 St,40.830135,-73.938209,D12,32.0
85,0,4,22,Canal St,40.718803,-74.000193,639,5.0
86,0,6,2,Canal St,40.718803,-74.000193,639,5.0
87,0,6X,2,Canal St,40.718803,-74.000193,639,5.0
88,0,4,23,Spring St,40.722301,-73.997141,638,5.0
89,0,6,3,Spring St,40.722301,-73.997141,638,5.0
90,0,6X,3,Spring St,40.722301,-73.997141,638,5.0
230,0,B,10,Grand St,40.718267,-73.993753,D22,5.0
231,0,D,21,Grand St,40.718267,-73.993753,D22,5.0
292,0,J,3,Chambers St,40.713243,-74.003401,M21,5.0
293,0,Z,3,Chambers St,40.713243,-74.003401,M21,5.0
294,0,J,4,Canal St,40.718092,-73.999892,M20,5.0
295,0,Z,4,Canal St,40.718092,-73.999892,M20,5.0
296,0,J,5,Bowery,40.72028,-73.993915,M19,5.0
297,0,Z,5,Bowery,40.72028,-73.993915,M19,5.0
321,0,N,28,Prince St,40.724329,-73.997702,R22,5.0
322,0,W,27,Prince St,40.724329,-73.997702,R22,5.0
323,0,Q,22,Prince St,40.724329,-73.997702,R22,5.0
324,0,R,22,Prince St,40.724329,-73.997702,R22,5.0
363,0,Q,21,Canal St,40.718383,-74.00046,Q01,5.0
498,1,4,32,Spring St,40.722301,-73.997141,638,5.0
499,1,6,36,Spring St,40.722301,-73.997141,638,5.0
500,1,6X,31,Spring St,40.722301,-73.997141,638,5.0
501,1,4,33,Canal St,40.718803,-74.000193,639,5.0
502,1,6,37,Canal St,40.718803,-74.000193,639,5.0
503,1,6X,32,Canal St,40.718803,-74.000193,639,5.0
629,1,B,28,Grand St,40.718267,-73.993753,D22,5.0
630,1,D,21,Grand St,40.718267,-73.993753,D22,5.0
658,1,J,26,Bowery,40.72028,-73.993915,M19,5.0
659,1,Z,17,Bowery,40.72028,-73.993915,M19,5.0
660,1,J,27,Canal St,40.718092,-73.999892,M20,5.0
661,1,Z,18,Canal St,40.718092,-73.999892,M20,5.0
662,1,J,28,Chambers St,40.713243,-74.003401,M21,5.0
663,1,Z,19,Chambers St,40.713243,-74.003401,M21,5.0
711,1,N,18,Prince St,40.724329,-73.997702,R22,5.0
712,1,W,18,Prince St,40.724329,-73.997702,R22,5.0
713,1,Q,13,Prince St,40.724329,-73.997702,R22,5.0
714,1,R,24,Prince St,40.724329,-73.997702,R22,5.0
733,1,Q,14,Canal St,40.718383,-74.00046,Q01,5.0
91,0,4,24,Bleecker St,40.725915,-73.994659,637,9.0
92,0,6,4,Bleecker St,40.725915,-73.994659,637,9.0
93,0,6X,4,Bleecker St,40.725915,-73.994659,637,9.0
94,0,4,25,Astor Pl,40.730054,-73.99107,636,9.0
95,0,6,5,Astor Pl,40.730054,-73.99107,636,9.0
96,0,6X,5,Astor Pl,40.730054,-73.99107,636,9.0
232,0,B,11,Broadway-Lafayette St,40.725297,-73.996204,D21,9.0
233,0,D,22,Broadway-Lafayette St,40.725297,-73.996204,D21,9.0
234,0,F,26,Broadway-Lafayette St,40.725297,-73.996204,D21,9.0
235,0,FX,20,Broadway-Lafayette St,40.725297,-73.996204,D21,9.0
236,0,M,14,Broadway-Lafayette St,40.725297,-73.996204,D21,9.0
273,0,F,25,2 Av,40.723402,-73.989938,F14,9.0
274,0,FX,19,2 Av,40.723402,-73.989938,F14,9.0
301,0,L,20,1 Av,40.730953,-73.981628,L06,9.0
303,0,L,22,14 St-Union Sq,40.734789,-73.99073,L03,9.0
325,0,N,29,8 St-NYU,40.730328,-73.992629,R21,9.0
326,0,W,28,8 St-NYU,40.730328,-73.992629,R21,9.0
327,0,Q,23,8 St-NYU,40.730328,-73.992629,R21,9.0
328,0,R,23,8 St-NYU,40.730328,-73.992629,R21,9.0
492,1,4,30,Astor Pl,40.730054,-73.99107,636,9.0
493,1,6,34,Astor Pl,40.730054,-73.99107,636,9.0
494,1,6X,29,Astor Pl,40.730054,-73.99107,636,9.0
495,1,4,31,Bleecker St,40.725915,-73.994659,637,9.0
496,1,6,35,Bleecker St,40.725915,-73.994659,637,9.0
497,1,6X,30,Bleecker St,40.725915,-73.994659,637,9.0
624,1,B,27,Broadway-Lafayette St,40.725297,-73.996204,D21,9.0
625,1,D,20,Broadway-Lafayette St,40.725297,-73.996204,D21,9.0
626,1,F,20,Broadway-Lafayette St,40.725297,-73.996204,D21,9.0
627,1,FX,20,Broadway-Lafayette St,40.725297,-73.996204,D21,9.0
628,1,M,23,Broadway-Lafayette St,40.725297,-73.996204,D21,9.0
649,1,F,21,2 Av,40.723402,-73.989938,F14,9.0
650,1,FX,21,2 Av,40.723402,-73.989938,F14,9.0
670,1,L,3,14 St-Union Sq,40.734789,-73.99073,L03,9.0
672,1,L,5,1 Av,40.730953,-73.981628,L06,9.0
707,1,N,17,8 St-NYU,40.730328,-73.992629,R21,9.0
708,1,W,17,8 St-NYU,40.730328,-73.992629,R21,9.0
709,1,Q,12,8 St-NYU,40.730328,-73.992629,R21,9.0
710,1,R,23,8 St-NYU,40.730328,-73.992629,R21,9.0
117,0,4,32,59 St,40.762526,-73.967967,629,19.0
118,0,5,21,59 St,40.762526,-73.967967,629,19.0
119,0,6,12,59 St,40.762526,-73.967967,629,19.0
120,0,6X,12,59 St,40.762526,-73.967967,629,19.0
121,0,4,33,68 St-Hunter College,40.768141,-73.96387,628,19.0
122,0,6,13,68 St-Hunter College,40.768141,-73.96387,628,19.0
123,0,6X,13,68 St-Hunter College,40.768141,-73.96387,628,19.0
124,0,4,34,77 St,40.77362,-73.959874,627,19.0
125,0,6,14,77 St,40.77362,-73.959874,627,19.0
126,0,6X,14,77 St,40.77362,-73.959874,627,19.0
127,0,4,35,86 St,40.779492,-73.955589,626,19.0
128,0,5,22,86 St,40.779492,-73.955589,626,19.0
129,0,6,15,86 St,40.779492,-73.955589,626,19.0
130,0,6X,15,86 St,40.779492,-73.955589,626,19.0
131,0,4,36,96 St,40.785672,-73.95107,625,19.0
132,0,6,16,96 St,40.785672,-73.95107,625,19.0
133,0,6X,16,96 St,40.785672,-73.95107,625,19.0
283,0,F,34,Lexington Av/63 St,40.764629,-73.966113,B08,19.0
284,0,FX,28,Lexington Av/63 St,40.764629,-73.966113,B08,19.0
285,0,Q,31,Lexington Av/63 St,40.764629,-73.966113,B08,19.0
360,0,N,38,Lexington Av/59 St,40.76266,-73.967258,R11,19.0
361,0,W,37,Lexington Av/59 St,40.76266,-73.967258,R11,19.0
362,0,R,32,Lexington Av/59 St,40.76266,-73.967258,R11,19.0
364,0,Q,32,72 St,40.768799,-73.958424,Q03,19.0
365,0,Q,33,86 St,40.777891,-73.951787,Q04,19.0
455,1,4,19,96 St,40.785672,-73.95107,625,19.0
456,1,6,23,96 St,40.785672,-73.95107,625,19.0
457,1,6X,18,96 St,40.785672,-73.95107,625,19.0
458,1,4,20,86 St,40.779492,-73.955589,626,19.0
459,1,5,18,86 St,40.779492,-73.955589,626,19.0
460,1,6,24,86 St,40.779492,-73.955589,626,19.0
461,1,6X,19,86 St,40.779492,-73.955589,626,19.0
462,1,4,21,77 St,40.77362,-73.959874,627,19.0
463,1,6,25,77 St,40.77362,-73.959874,627,19.0
464,1,6X,20,77 St,40.77362,-73.959874,627,19.0
465,1,4,22,68 St-Hunter College,40.768141,-73.96387,628,19.0
466,1,6,26,68 St-Hunter College,40.768141,-73.96387,628,19.0
467,1,6X,21,68 St-Hunter College,40.768141,-73.96387,628,19.0
468,1,4,23,59 St,40.762526,-73.967967,629,19.0
469,1,5,19,59 St,40.762526,-73.967967,629,19.0
470,1,6,27,59 St,40.762526,-73.967967,629,19.0
471,1,6X,22,59 St,40.762526,-73.967967,629,19.0
638,1,F,12,Lexington Av/63 St,40.764629,-73.966113,B08,19.0
639,1,FX,12,Lexington Av/63 St,40.764629,-73.966113,B08,19.0
640,1,Q,4,Lexington Av/63 St,40.764629,-73.966113,B08,19.0
673,1,N,8,Lexington Av/59 St,40.76266,-73.967258,R11,19.0
674,1,W,8,Lexington Av/59 St,40.76266,-73.967258,R11,19.0
675,1,R,14,Lexington Av/59 St,40.76266,-73.967258,R11,19.0
731,1,Q,2,86 St,40.777891,-73.951787,Q04,19.0
732,1,Q,3,72 St,40.768799,-73.958424,Q03,19.0
134,0,4,37,103 St,40.7906,-73.947478,624,23.0
135,0,6,17,103 St,40.7906,-73.947478,624,23.0
136,0,6X,17,103 St,40.7906,-73.947478,624,23.0
137,0,4,38,110 St,40.79502,-73.94425,623,23.0
138,0,6,18,110 St,40.79502,-73.94425,623,23.0
139,0,6X,18,110 St,40.79502,-73.94425,623,23.0
366,0,Q,34,96 St,40.784318,-73.947152,Q05,23.0
449,1,4,17,110 St,40.79502,-73.94425,623,23.0
450,1,6,21,110 St,40.79502,-73.94425,623,23.0
451,1,6X,16,110 St,40.79502,-73.94425,623,23.0
452,1,4,18,103 St,40.7906,-73.947478,624,23.0
453,1,6,22,103 St,40.7906,-73.947478,624,23.0
454,1,6X,17,103 St,40.7906,-73.947478,624,23.0
730,1,Q,1,96 St,40.784318,-73.947152,Q05,23.0
140,0,4,39,116 St,40.798629,-73.941617,622,25.0
141,0,6,19,116 St,40.798629,-73.941617,622,25.0
142,0,6X,19,116 St,40.798629,-73.941617,622,25.0
143,0,4,40,125 St,40.804138,-73.937594,621,25.0
144,0,5,23,125 St,40.804138,-73.937594,621,25.0
145,0,6,20,125 St,40.804138,-73.937594,621,25.0
146,0,6X,20,125 St,40.804138,-73.937594,621,25.0
442,1,4,15,125 St,40.804138,-73.937594,621,25.0
443,1,5,17,125 St,40.804138,-73.937594,621,25.0
444,1,6,19,125 St,40.804138,-73.937594,621,25.0
445,1,6X,14,125 St,40.804138,-73.937594,621,25.0
446,1,4,16,116 St,40.798629,-73.941617,622,25.0
447,1,6,20,116 St,40.798629,-73.941617,622,25.0
448,1,6X,15,116 St,40.798629,-73.941617,622,25.0
147,0,7,1,34 St-Hudson Yards,40.755882,-74.00191,726,10.0
148,0,7X,1,34 St-Hudson Yards,40.755882,-74.00191,726,10.0
170,0,A,36,14 St,40.740893,-74.00169,A31,10.0
171,0,C,22,14 St,40.740893,-74.00169,A31,10.0
172,0,E,5,14 St,40.740893,-74.00169,A31,10.0
173,0,A,37,23 St,40.745906,-73.998041,A30,10.0
174,0,C,23,23 St,40.745906,-73.998041,A30,10.0
175,0,E,6,23 St,40.745906,-73.998041,A30,10.0
305,0,L,24,8 Av,40.739777,-74.002578,L01,10.0
520,1,7,22,34 St-Hudson Yards,40.755882,-74.00191,726,10.0
521,1,7X,12,34 St-Hudson Yards,40.755882,-74.00191,726,10.0
578,1,A,23,23 St,40.745906,-73.998041,A30,10.0
579,1,C,18,23 St,40.745906,-73.998041,A30,10.0
580,1,E,27,23 St,40.745906,-73.998041,A30,10.0
581,1,A,24,14 St,40.740893,-74.00169,A31,10.0
582,1,C,19,14 St,40.740893,-74.00169,A31,10.0
583,1,E,28,14 St,40.740893,-74.00169,A31,10.0
668,1,L,1,8 Av,40.739777,-74.002578,L01,10.0
153,0,7,4,Grand Central-42 St,40.751431,-73.976041,723,17.0
154,0,7X,4,Grand Central-42 St,40.751431,-73.976041,723,17.0
267,0,E,12,Lexington Av/53 St,40.757552,-73.969055,F11,17.0
268,0,M,22,Lexington Av/53 St,40.757552,-73.969055,F11,17.0
514,1,7,19,Grand Central-42 St,40.751431,-73.976041,723,17.0
515,1,7X,9,Grand Central-42 St,40.751431,-73.976041,723,17.0
631,1,E,21,Lexington Av/53 St,40.757552,-73.969055,F11,17.0
632,1,M,15,Lexington Av/53 St,40.757552,-73.969055,F11,17.0
189,0,A,42,72 St,40.775594,-73.97641,A22,22.0
190,0,B,18,72 St,40.775594,-73.97641,A22,22.0
191,0,C,28,72 St,40.775594,-73.97641,A22,22.0
192,0,A,43,81 St-Museum of Natural History,40.781433,-73.972143,A21,22.0
193,0,B,19,81 St-Museum of Natural History,40.781433,-73.972143,A21,22.0
194,0,C,29,81 St-Museum of Natural History,40.781433,-73.972143,A21,22.0
195,0,A,44,86 St,40.785868,-73.968916,A20,22.0
196,0,B,20,86 St,40.785868,-73.968916,A20,22.0
197,0,C,30,86 St,40.785868,-73.968916,A20,22.0
198,0,A,45,96 St,40.791642,-73.964696,A19,22.0
199,0,B,21,96 St,40.791642,-73.964696,A19,22.0
200,0,C,31,96 St,40.791642,-73.964696,A19,22.0
201,0,A,46,103 St,40.796092,-73.961454,A18,22.0
202,0,B,22,103 St,40.796092,-73.961454,A18,22.0
203,0,C,32,103 St,40.796092,-73.961454,A18,22.0
357,0,N,37,5 Av/59 St,40.764811,-73.973347,R13,22.0
358,0,W,36,5 Av/59 St,40.764811,-73.973347,R13,22.0
359,0,R,31,5 Av/59 St,40.764811,-73.973347,R13,22.0
550,1,A,14,103 St,40.796092,-73.961454,A18,22.0
551,1,B,16,103 St,40.796092,-73.961454,A18,22.0
552,1,C,9,103 St,40.796092,-73.961454,A18,22.0
553,1,A,15,96 St,40.791642,-73.964696,A19,22.0
554,1,B,17,96 St,40.791642,-73.964696,A19,22.0
555,1,C,10,96 St,40.791642,-73.964696,A19,22.0
556,1,A,16,86 St,40.785868,-73.968916,A20,22.0
557,1,B,18,86 St,40.785868,-73.968916,A20,22.0
558,1,C,11,86 St,40.785868,-73.968916,A20,22.0
559,1,A,17,81 St-Museum of Natural History,40.781433,-73.972143,A21,22.0
560,1,B,19,81 St-Museum of Natural History,40.781433,-73.972143,A21,22.0
561,1,C,12,81 St-Museum of Natural History,40.781433,-73.972143,A21,22.0
562,1,A,18,72 St,40.775594,-73.97641,A22,22.0
563,1,B,20,72 St,40.775594,-73.97641,A22,22.0
564,1,C,13,72 St,40.775594,-73.97641,A22,22.0
676,1,N,9,5 Av/59 St,40.764811,-73.973347,R13,22.0
677,1,W,9,5 Av/59 St,40.764811,-73.973347,R13,22.0
678,1,R,15,5 Av/59 St,40.764811,-73.973347,R13,22.0
269,0,F,23,East Broadway,40.713715,-73.990173,F16,7.0
270,0,FX,17,East Broadway,40.713715,-73.990173,F16,7.0
271,0,F,24,Delancey St-Essex St,40.718611,-73.988114,F15,7.0
272,0,FX,18,Delancey St-Essex St,40.718611,-73.988114,F15,7.0
298,0,J,6,Delancey St-Essex St,40.718315,-73.987437,M18,7.0
299,0,Z,6,Delancey St-Essex St,40.718315,-73.987437,M18,7.0
300,0,M,13,Delancey St-Essex St,40.718315,-73.987437,M18,7.0
651,1,F,22,Delancey St-Essex St,40.718611,-73.988114,F15,7.0
652,1,FX,22,Delancey St-Essex St,40.718611,-73.988114,F15,7.0
653,1,F,23,East Broadway,40.713715,-73.990173,F16,7.0
654,1,FX,23,East Broadway,40.713715,-73.990173,F16,7.0
655,1,J,25,Delancey St-Essex St,40.718315,-73.987437,M18,7.0
656,1,Z,16,Delancey St-Essex St,40.718315,-73.987437,M18,7.0
657,1,M,24,Delancey St-Essex St,40.718315,-73.987437,M18,7.0
286,0,F,35,Roosevelt Island,40.759145,-73.95326,B06,114.0
287,0,FX,29,Roosevelt Island,40.759145,-73.95326,B06,114.0
636,1,F,11,Roosevelt Island,40.759145,-73.95326,B06,114.0
637,1,FX,11,Roosevelt Island,40.759145,-73.95326,B06,114.0
